operation,nx_time_mean,nx_time_std,inc_time_mean,inc_time_std,speedup,nx_memory_mb,inc_memory_mb,inc_error,num_nodes,num_edges_nx,num_edges_inc,density,topology,conversion_memory_mb,has_parallel_edges,has_node_edge_connections,timestamp
add_edge,1.5433334435025852e-05,2.4729837625072678e-06,0.00019816673981646696,0.00013256492963568335,0.07788054872033272,0.8671875,0.0,,100,208,229,sparse,erdos_renyi,0.8671875,True,True,2025-08-10T02:07:16.608010
add_weighted_edge,1.8999989454944927e-05,3.053850286375348e-06,0.0001163332878301541,6.0013146961073136e-06,0.1633237554730233,0.0,0.0,,100,208,229,sparse,erdos_renyi,0.8671875,True,True,2025-08-10T02:07:16.905551
has_edge,7.700019826491674e-06,4.082514027562667e-07,3.279993931452433e-05,7.992922927693199e-06,0.2347571363670781,0.0,0.0,,100,208,229,sparse,erdos_renyi,0.8671875,True,True,2025-08-10T02:07:17.198115
neighbors,1.1266752456625303e-05,2.017106350889367e-06,4.180000784496466e-05,5.559315490040171e-06,0.26953948186836346,0.0,0.0,,100,208,229,sparse,erdos_renyi,0.8671875,True,True,2025-08-10T02:07:17.504505
degree,1.3366652031739553e-05,8.99389352557585e-07,0.0008631333087881407,0.000348979643557006,0.015486196507126628,0.0,0.12890625,,100,208,229,sparse,erdos_renyi,0.8671875,True,True,2025-08-10T02:07:17.780447
copy,0.0004170000708351533,3.6113291758204386e-05,0.13900299998931587,0.010560108385203198,0.002999935763020978,0.05859375,0.25,,100,208,229,sparse,erdos_renyi,0.8671875,True,True,2025-08-10T02:07:18.475613
get_edge_weight,8.400063961744308e-06,6.481508606801485e-07,4.7166598960757256e-05,1.4522641136587682e-06,0.17809348451715135,0.0078125,0.0,,100,208,229,sparse,erdos_renyi,0.8671875,True,True,2025-08-10T02:07:18.746899
node_attributes,1.1300124848882357e-05,2.8248944047206305e-06,0.0007473998703062534,6.57440722010187e-05,0.01511924914336958,0.0,0.0,,100,208,229,sparse,erdos_renyi,0.8671875,True,True,2025-08-10T02:07:19.033410
add_parallel_edge,4.299993937214215e-06,7.070572867374463e-07,0.00011113332584500313,1.2918542485565598e-05,0.03869220960066818,0.0,0.0,,100,208,229,sparse,erdos_renyi,0.8671875,True,True,2025-08-10T02:07:19.339755
edge_list,0.00010736666930218537,1.0524985407234699e-05,7.266659910480182e-05,4.942549992641708e-06,1.4775243457773237,0.0,0.0,,100,208,229,sparse,erdos_renyi,0.8671875,True,True,2025-08-10T02:07:19.702208
memory_usage,7.356664476295312e-05,1.106054399971856e-05,0.002028266666457057,0.00026296575083492997,0.03627069654083411,0.0,0.03125,,100,208,229,sparse,erdos_renyi,0.8671875,True,True,2025-08-10T02:07:20.169518
add_edge,2.1066671858231228e-05,6.458751155459174e-06,0.00019623331415156522,8.828727421526512e-05,0.10735522635040404,0.13671875,0.0,,100,392,427,sparse,barabasi_albert,0.13671875,True,True,2025-08-10T02:07:20.688456
add_weighted_edge,1.74999392280976e-05,8.165029825606378e-08,0.00010300008580088615,1.2847051926394483e-05,0.1699021810712612,0.0,0.0,,100,392,427,sparse,barabasi_albert,0.13671875,True,True,2025-08-10T02:07:20.994479
has_edge,1.5199960519870123e-05,1.8055435638757241e-06,1.233334963520368e-05,2.735440781198778e-06,1.232427602350957,0.0,0.0,,100,392,427,sparse,barabasi_albert,0.13671875,True,True,2025-08-10T02:07:21.570728
neighbors,1.3400102034211159e-05,7.483371755198612e-07,6.943335756659508e-05,1.062115534333519e-05,0.19299228071116714,0.0,0.0,,100,392,427,sparse,barabasi_albert,0.13671875,True,True,2025-08-10T02:07:21.912491
degree,1.2266682460904121e-05,1.108586722496313e-06,0.0007588667018959919,0.00012513781672790616,0.016164475829887393,0.0,0.02734375,,100,392,427,sparse,barabasi_albert,0.13671875,True,True,2025-08-10T02:07:22.251287
copy,0.0006623666267842054,0.00010259633791939547,0.19013089997073016,0.012846964981214678,0.0034837400279816378,0.03125,0.109375,,100,392,427,sparse,barabasi_albert,0.13671875,True,True,2025-08-10T02:07:23.152939
get_edge_weight,9.333249181509018e-06,1.9618681962919397e-06,5.7899936412771545e-05,1.3490610183489303e-06,0.1611961905272541,0.0078125,0.0,,100,392,427,sparse,barabasi_albert,0.13671875,True,True,2025-08-10T02:07:23.434505
node_attributes,9.666585053006807e-06,6.84729611015043e-07,0.000800466708218058,7.246501798264458e-05,0.012076186247053136,0.0,0.0,,100,392,427,sparse,barabasi_albert,0.13671875,True,True,2025-08-10T02:07:23.684486
add_parallel_edge,3.5666550199190774e-06,2.4936276671610487e-07,0.00012213333199421564,1.2163437724187699e-05,0.029202961727827076,0.0,0.0,,100,392,427,sparse,barabasi_albert,0.13671875,True,True,2025-08-10T02:07:23.951347
edge_list,0.00013456672119597593,1.571076398712069e-05,0.00010323330449561278,4.19870531530125e-06,1.3035204273800491,0.0,0.015625,,100,392,427,sparse,barabasi_albert,0.13671875,True,True,2025-08-10T02:07:24.218388
memory_usage,4.3700061117609344e-05,2.9062916969230736e-06,0.0009276666678488255,6.779965932174338e-05,0.0471075038396559,0.0,0.0,,100,392,427,sparse,barabasi_albert,0.13671875,True,True,2025-08-10T02:07:24.470007
add_edge,1.8866732716560364e-05,5.215578470617852e-06,9.679996098081271e-05,3.5692864786976466e-06,0.19490434216497307,0.0078125,0.0,,100,400,441,sparse,watts_strogatz,0.0078125,True,True,2025-08-10T02:07:24.830012
add_weighted_edge,1.883336032430331e-05,3.5975574102303396e-06,0.00011580010565618674,1.9649637721798906e-05,0.16263681468668087,0.0,0.0,,100,400,441,sparse,watts_strogatz,0.0078125,True,True,2025-08-10T02:07:25.103111
has_edge,6.033262858788173e-06,8.653543864463135e-07,9.466661140322685e-06,1.1145076553843181e-06,0.6373168712134255,0.0,0.0,,100,400,441,sparse,watts_strogatz,0.0078125,True,True,2025-08-10T02:07:25.412627
neighbors,1.026651201148828e-05,2.4944572517328706e-07,0.00012263337460656962,8.04146979522515e-05,0.08371711244532848,0.0,0.0,,100,400,441,sparse,watts_strogatz,0.0078125,True,True,2025-08-10T02:07:25.789339
degree,1.183338463306427e-05,3.09017294917659e-06,0.0007046666772415241,6.750784526511004e-05,0.01679288238715506,0.0,0.0,,100,400,441,sparse,watts_strogatz,0.0078125,True,True,2025-08-10T02:07:26.081622
copy,0.0005883999789754549,3.1344911859898255e-05,0.22498786666740975,0.010398122114334569,0.002615252047548245,0.01171875,0.00390625,,100,400,441,sparse,watts_strogatz,0.0078125,True,True,2025-08-10T02:07:27.056186
get_edge_weight,7.766687000791231e-06,5.734025013244696e-07,6.996661735077699e-05,6.047794445440491e-06,0.11100560945876543,0.0,0.0,,100,400,441,sparse,watts_strogatz,0.0078125,True,True,2025-08-10T02:07:27.331131
node_attributes,1.143330397705237e-05,1.2551343547768702e-06,0.0008776666751752297,3.7928608451064116e-05,0.013026931864274857,0.0,0.0,,100,400,441,sparse,watts_strogatz,0.0078125,True,True,2025-08-10T02:07:27.608151
add_parallel_edge,3.733361760775248e-06,4.784432106782734e-07,0.00010533343690137069,6.13202065240991e-06,0.03544327300618695,0.0,0.0,,100,400,441,sparse,watts_strogatz,0.0078125,True,True,2025-08-10T02:07:27.903599
edge_list,0.00030979995305339497,0.00018612503622837245,0.0001097000204026699,1.2322458669251177e-05,2.824064680354927,0.0,0.0,,100,400,441,sparse,watts_strogatz,0.0078125,True,True,2025-08-10T02:07:28.187673
memory_usage,4.7066714614629745e-05,1.8409567059875513e-06,0.001236866693943739,0.0003397626555222933,0.03805318297039589,0.0,0.0,,100,400,441,sparse,watts_strogatz,0.0078125,True,True,2025-08-10T02:07:28.455095
add_edge,1.2633313114444414e-05,3.3993722266953766e-07,9.636666315297286e-05,7.068398597605566e-06,0.1310963013671049,0.0,0.0,,100,360,402,sparse,grid_2d,0.0,True,True,2025-08-10T02:07:28.785301
add_weighted_edge,3.103329800069332e-05,2.1054923749479533e-05,9.4233313575387e-05,6.322616246376834e-06,0.3293240662270309,0.0,0.0,,100,360,402,sparse,grid_2d,0.0,True,True,2025-08-10T02:07:29.040859
has_edge,7.699942216277122e-06,2.19250926710668e-06,7.00005330145359e-06,7.257021785896049e-07,1.0999833693663728,0.0,0.0,,100,360,402,sparse,grid_2d,0.0,True,True,2025-08-10T02:07:29.295808
neighbors,9.799997011820475e-06,5.657446190512221e-07,6.329997753103574e-05,2.187345547809519e-05,0.15481833318211802,0.0,0.0,,100,360,402,sparse,grid_2d,0.0,True,True,2025-08-10T02:07:29.561859
degree,1.3866617033878962e-05,2.8639776244687613e-06,0.000569900032132864,1.6334185244182407e-05,0.024331665646662323,0.0,0.0,,100,360,402,sparse,grid_2d,0.0,True,True,2025-08-10T02:07:29.828225
copy,0.0006164000369608402,0.00012015793221534105,0.19741629995405674,0.011862163257753532,0.00312233608422552,0.00390625,0.0,,100,360,402,sparse,grid_2d,0.0,True,True,2025-08-10T02:07:30.693732
get_edge_weight,1.033333440621694e-05,3.1627078921584558e-06,5.953332098821799e-05,3.9717876723185996e-06,0.17357228245778478,0.0,0.0,,100,360,402,sparse,grid_2d,0.0,True,True,2025-08-10T02:07:30.943705
node_attributes,1.16666778922081e-05,1.8373360005982508e-06,0.0008210665546357632,0.00014831342583883957,0.014209174428476879,0.0,0.0,,100,360,402,sparse,grid_2d,0.0,True,True,2025-08-10T02:07:31.225663
add_parallel_edge,3.9333632836739225e-06,4.4964290767807937e-07,0.00012776666941742101,3.5124718076651076e-05,0.03078551942857178,0.0,0.0,,100,360,402,sparse,grid_2d,0.0,True,True,2025-08-10T02:07:31.493130
edge_list,0.0001167666632682085,7.993913119016029e-06,0.0001275000007202228,3.443077573113428e-05,0.9158169616362059,0.0,0.0,,100,360,402,sparse,grid_2d,0.0,True,True,2025-08-10T02:07:31.772649
memory_usage,5.670000488559405e-05,1.2192878739766136e-05,0.0009985999204218388,9.372992066422941e-05,0.05677950070498929,0.0,0.0,,100,360,402,sparse,grid_2d,0.0,True,True,2025-08-10T02:07:32.018828
add_edge,1.9533404459555943e-05,5.55120900065624e-06,9.579995336631934e-05,1.0265770133106148e-05,0.2038978493534774,0.0,0.0,,100,198,224,sparse,star,0.0,True,True,2025-08-10T02:07:32.379292
add_weighted_edge,1.833331771194935e-05,2.9169680932218332e-06,0.00011073332279920578,1.7461408217416572e-06,0.16556278858526985,0.0,0.0,,100,198,224,sparse,star,0.0,True,True,2025-08-10T02:07:32.661469
has_edge,8.033355697989464e-06,7.760823624170708e-07,1.1900051807363829e-05,2.717794443795169e-06,0.6750689684408241,0.0,0.0,,100,198,224,sparse,star,0.0,True,True,2025-08-10T02:07:32.927773
neighbors,1.8300100540121395e-05,6.57013131980829e-06,5.986673446993033e-05,8.742285682534837e-06,0.30568062050074085,0.0,0.0,,100,198,224,sparse,star,0.0,True,True,2025-08-10T02:07:33.197991
degree,1.6133223349849384e-05,4.303003315102039e-06,0.0005982333483795325,4.646341144469788e-05,0.026968111011447846,0.0,0.00390625,,100,198,224,sparse,star,0.0,True,True,2025-08-10T02:07:33.463658
copy,0.000651833446075519,0.00035925894499228445,0.14306549999552468,0.02595785251880844,0.004556188921129898,0.0,0.0,,100,198,224,sparse,star,0.0,True,True,2025-08-10T02:07:34.148688
get_edge_weight,1.986658511062463e-05,1.1770121988539754e-05,5.413335748016834e-05,1.7229186269036735e-05,0.3669934036126009,0.0,0.0,,100,198,224,sparse,star,0.0,True,True,2025-08-10T02:07:34.502218
node_attributes,1.5800120308995247e-05,5.486996005323835e-06,0.0007162666879594326,2.2649471660019465e-05,0.022058990840420213,0.0,0.0,,100,198,224,sparse,star,0.0,True,True,2025-08-10T02:07:34.749105
add_parallel_edge,4.733291765054067e-06,5.734837063873523e-07,0.00010486661146084468,1.5922030738841073e-05,0.0451363088700677,0.0,0.0,,100,198,224,sparse,star,0.0,True,True,2025-08-10T02:07:35.015329
edge_list,0.00010133332883318265,1.6787649527845995e-05,7.723333934942882e-05,4.2049927183210115e-06,1.312041272418866,0.0,0.0,,100,198,224,sparse,star,0.0,True,True,2025-08-10T02:07:35.307702
memory_usage,4.346668720245361e-05,2.673707760712753e-06,0.0010077666956931353,0.00015320312613027384,0.04313169644146408,0.0,0.0,,100,198,224,sparse,star,0.0,True,True,2025-08-10T02:07:35.601087
add_edge,1.9733328372240067e-05,3.1255327364982317e-06,0.00010640003407994907,1.771233521705076e-05,0.18546355311702653,4.8515625,0.0,,100,9900,9992,sparse,complete,4.8515625,True,True,2025-08-10T02:07:36.351589
add_weighted_edge,2.1466674904028576e-05,4.008685305450097e-06,0.0001830665860325098,8.247576633130677e-05,0.11726156787681846,0.0,0.0,,100,9900,9992,sparse,complete,4.8515625,True,True,2025-08-10T02:07:36.650901
has_edge,8.233357220888138e-06,2.0417581813978542e-06,1.3000021378199259e-05,6.107855590774356e-06,0.6333341293342248,0.0,0.0,,100,9900,9992,sparse,complete,4.8515625,True,True,2025-08-10T02:07:36.934549
neighbors,1.4999958996971449e-05,2.687063777584911e-06,0.0007514333507666985,9.001988636841011e-05,0.019961795655818005,0.0,0.0,,100,9900,9992,sparse,complete,4.8515625,True,True,2025-08-10T02:07:37.234530
degree,9.766624619563421e-06,6.182459406268169e-07,0.004316200036555529,1.8412179459784275e-05,0.002262783127947312,0.0,0.9296875,,100,9900,9992,sparse,complete,4.8515625,True,True,2025-08-10T02:07:37.533210
copy,0.011554233341788253,0.004147942070891544,2.4169177999719977,0.018435698619487132,0.004780565289362393,1.3828125,2.04296875,,100,9900,9992,sparse,complete,4.8515625,True,True,2025-08-10T02:07:45.104839
get_edge_weight,8.799911787112554e-06,1.4165246230418015e-06,0.000927833296979467,3.811122219838585e-05,0.009484367305808488,1.6640625,0.0,,100,9900,9992,sparse,complete,4.8515625,True,True,2025-08-10T02:07:45.379065
node_attributes,1.1699972674250603e-05,1.981593034132602e-06,0.0011774667849143345,0.0005769639156909524,0.009936562817864814,0.0,0.0,,100,9900,9992,sparse,complete,4.8515625,True,True,2025-08-10T02:07:45.657570
add_parallel_edge,3.966735675930977e-06,9.427064631772626e-07,0.00010699996103843053,2.4712612588068436e-06,0.03707230953576019,0.0,0.0,,100,9900,9992,sparse,complete,4.8515625,True,True,2025-08-10T02:07:45.923714
edge_list,0.0019527666736394167,0.00019718760783534142,0.0019473334153493245,0.0004093930972322491,1.0027901017089658,0.0,0.01171875,,100,9900,9992,sparse,complete,4.8515625,True,True,2025-08-10T02:07:46.229579
memory_usage,5.966665533681711e-05,1.4620174068723097e-05,0.0009562000632286072,0.00012021583432237802,0.062399760919647704,0.0078125,0.0,,100,9900,9992,sparse,complete,4.8515625,True,True,2025-08-10T02:07:46.510802
add_edge,2.120000620683034e-05,5.030574474471607e-06,0.00012306667243440947,4.16901389074435e-05,0.17226439772416252,0.0,0.0,,100,993,1090,medium,erdos_renyi,-2.140625,True,True,2025-08-10T02:07:46.911110
add_weighted_edge,1.6133378570278484e-05,6.128854220959174e-07,0.00011303330150743325,7.973543639350159e-06,0.1427311982851136,0.0,0.0,,100,993,1090,medium,erdos_renyi,-2.140625,True,True,2025-08-10T02:07:47.165821
has_edge,7.433351129293442e-06,7.58604995283651e-07,1.3066610942284266e-05,4.400940040168611e-06,0.5688813390194938,0.0,0.0,,100,993,1090,medium,erdos_renyi,-2.140625,True,True,2025-08-10T02:07:47.437684
neighbors,1.3233317683140436e-05,2.9635040015287973e-06,0.0001105000264942646,1.298487100535392e-05,0.11975850235499536,0.0,0.0,,100,993,1090,medium,erdos_renyi,-2.140625,True,True,2025-08-10T02:07:47.704767
degree,9.866664186120033e-06,5.792849185549301e-07,0.0009962666469315689,0.00014886605424403992,0.009903637963298947,0.0,0.0,,100,993,1090,medium,erdos_renyi,-2.140625,True,True,2025-08-10T02:07:47.970970
copy,0.0011648999837537606,0.00013376972818365975,0.37607796660934883,0.009671400251059734,0.0030974959640850245,0.0,0.0,,100,993,1090,medium,erdos_renyi,-2.140625,True,True,2025-08-10T02:07:49.386259
get_edge_weight,8.33339678744475e-06,9.462877722545398e-07,0.00013070002508660158,5.4185166752083425e-06,0.06375971834682555,0.0,0.0,,100,993,1090,medium,erdos_renyi,-2.140625,True,True,2025-08-10T02:07:49.652300
node_attributes,1.833331771194935e-05,9.24351258106424e-06,0.0010517667202899854,0.0004240304906939747,0.017430973388181194,0.0,0.0,,100,993,1090,medium,erdos_renyi,-2.140625,True,True,2025-08-10T02:07:49.902261
add_parallel_edge,5.733376989761989e-06,3.303894942191604e-06,0.00011809992914398511,1.6126037648413366e-05,0.048546828362377496,0.0,0.0,,100,993,1090,medium,erdos_renyi,-2.140625,True,True,2025-08-10T02:07:50.190006
edge_list,0.00025423336774110794,2.9920057408594725e-05,0.0003320000444849332,9.188063701191355e-05,0.7657630532415352,0.0,0.0,,100,993,1090,medium,erdos_renyi,-2.140625,True,True,2025-08-10T02:07:50.439957
memory_usage,4.320009611546993e-05,5.8804417605937815e-06,0.001072066758448879,0.00014368753172200034,0.04029608769697704,0.0,0.0,,100,993,1090,medium,erdos_renyi,-2.140625,True,True,2025-08-10T02:07:50.706233
add_edge,2.910002755622069e-05,5.629143620528776e-06,0.00017863333535691103,7.2931948405104e-05,0.16290367919335197,0.0,0.0,,100,1800,1904,medium,barabasi_albert,0.0,True,True,2025-08-10T02:07:51.463891
add_weighted_edge,4.036654718220234e-05,1.2362355878429527e-05,0.00015293333368996778,5.678745633921428e-05,0.26394865140411394,0.0,0.0,,100,1800,1904,medium,barabasi_albert,0.0,True,True,2025-08-10T02:07:51.845922
has_edge,1.2699980288743973e-05,5.649821776933099e-06,7.69986460606257e-06,6.976647975863345e-07,1.6493770914808694,0.0,0.0,,100,1800,1904,medium,barabasi_albert,0.0,True,True,2025-08-10T02:07:52.325882
neighbors,1.0966633756955465e-05,1.0370978426547857e-06,0.0001842999675621589,1.2962206696476833e-05,0.05950426308814593,0.0,0.0,,100,1800,1904,medium,barabasi_albert,0.0,True,True,2025-08-10T02:07:52.588956
degree,1.033333440621694e-05,8.653394350484818e-07,0.0015922665285567443,0.0006521111772082104,0.006489701454431274,0.0,0.0,,100,1800,1904,medium,barabasi_albert,0.0,True,True,2025-08-10T02:07:52.870173
copy,0.00205636660878857,0.0002472059859836343,0.5708424333327761,0.039908292739894644,0.003602336632164481,0.0,0.00390625,,100,1800,1904,medium,barabasi_albert,0.0,True,True,2025-08-10T02:07:54.850147
get_edge_weight,8.33339678744475e-06,6.182459406268169e-07,0.00020700002399583658,9.950140066488389e-06,0.04025795082812338,0.0,0.0,,100,1800,1904,medium,barabasi_albert,0.0,True,True,2025-08-10T02:07:55.115759
node_attributes,1.2333272024989128e-05,9.741698125305998e-07,0.0008404333299646775,0.00019804825543843867,0.014674896372217274,0.0,0.0,,100,1800,1904,medium,barabasi_albert,0.0,True,True,2025-08-10T02:07:55.398402
add_parallel_edge,8.999990920225779e-06,7.006215612084374e-06,0.0001125667088975509,1.4372287085785024e-05,0.07995251001267917,0.0,0.0,,100,1800,1904,medium,barabasi_albert,0.0,True,True,2025-08-10T02:07:55.709535
edge_list,0.0005210333038121462,7.617284392192337e-05,0.00034823330740133923,1.065618767307145e-05,1.4962190368874015,0.0,0.0078125,,100,1800,1904,medium,barabasi_albert,0.0,True,True,2025-08-10T02:07:55.975130
memory_usage,6.113325556119283e-05,2.1854057531102357e-05,0.001491999952122569,0.0002867230448747486,0.04097403319230849,0.0,0.0,,100,1800,1904,medium,barabasi_albert,0.0,True,True,2025-08-10T02:07:56.280647
add_edge,1.9966702287395794e-05,6.596088790689209e-06,0.00010246667079627514,1.5253738317652088e-05,0.19486045689035525,0.0,0.0,,100,2000,2069,medium,watts_strogatz,0.0,True,True,2025-08-10T02:07:56.745394
add_weighted_edge,1.9866662720839184e-05,3.7809922794902147e-06,0.00011540002500017484,1.245342656801957e-05,0.17215475231317398,0.0,0.0,,100,2000,2069,medium,watts_strogatz,0.0,True,True,2025-08-10T02:07:57.024684
has_edge,8.233279610673586e-06,1.2364918812536339e-06,9.933331360419592e-06,7.4091092007812e-07,0.8288538167044299,0.0,0.0,,100,2000,2069,medium,watts_strogatz,0.0,True,True,2025-08-10T02:07:57.310965
neighbors,8.966696138183275e-06,3.2987593348491403e-07,0.0002758000822116931,4.240464464645356e-05,0.03251157891715492,0.0,0.0,,100,2000,2069,medium,watts_strogatz,0.0,True,True,2025-08-10T02:07:57.584522
degree,2.383339839677016e-05,1.0344816553084593e-05,0.0018437333249797423,0.0003356113999675847,0.0129267058711064,0.0,0.0,,100,2000,2069,medium,watts_strogatz,0.0,True,True,2025-08-10T02:07:58.129328
copy,0.0021235333600391946,0.00019251476854391657,0.6519112666137516,0.10442467838368637,0.003257396318780541,0.0,0.0,,100,2000,2069,medium,watts_strogatz,0.0,True,True,2025-08-10T02:08:00.422722
get_edge_weight,1.3033316160241762e-05,1.79877870511517e-06,0.00035090007198353607,0.00018707558703987963,0.03714252917238864,0.0,0.0,,100,2000,2069,medium,watts_strogatz,0.0,True,True,2025-08-10T02:08:00.719574
node_attributes,1.2699980288743973e-05,1.1431039173897396e-06,0.001371533377096057,0.0004919207025247159,0.009259694660609425,0.0,0.0,,100,2000,2069,medium,watts_strogatz,0.0,True,True,2025-08-10T02:08:01.000766
add_parallel_edge,4.000108068188031e-06,4.082514027562667e-07,0.00011256678650776546,1.617104372829617e-05,0.03553542028058234,0.0,0.0,,100,2000,2069,medium,watts_strogatz,0.0,True,True,2025-08-10T02:08:01.289684
edge_list,0.000417966628447175,2.557349790211371e-05,0.0004015666587899129,2.9071764524563964e-05,1.0408399684044538,0.0,0.0078125,,100,2000,2069,medium,watts_strogatz,0.0,True,True,2025-08-10T02:08:01.553418
memory_usage,6.226659752428532e-05,1.2615904240936297e-05,0.0009787334905316432,7.02890007097949e-05,0.06361956357543504,0.0,0.0,,100,2000,2069,medium,watts_strogatz,0.0,True,True,2025-08-10T02:08:01.819762
add_edge,1.893324467043082e-05,3.2622429524062677e-06,0.00011066657801469167,1.28536234058876e-05,0.17108367322894286,0.0,0.0,,100,360,401,medium,grid_2d,0.0,True,True,2025-08-10T02:08:02.186166
add_weighted_edge,1.8166688581307728e-05,3.4922401524260188e-06,0.0001105000264942646,1.6759460844219417e-05,0.16440438213153416,0.0,0.0,,100,360,401,medium,grid_2d,0.0,True,True,2025-08-10T02:08:02.467872
has_edge,9.733329837520918e-06,2.5849691074382117e-06,1.0533258318901062e-05,2.1761307156729685e-06,0.9240568818155026,0.0,0.0,,100,360,401,medium,grid_2d,0.0,True,True,2025-08-10T02:08:02.733492
neighbors,9.899881357947985e-06,2.1599041230107935e-07,5.4266691828767456e-05,6.530099066975039e-06,0.18243016156551362,0.0,0.0,,100,360,401,medium,grid_2d,0.0,True,True,2025-08-10T02:08:02.984299
degree,1.2966648985942205e-05,2.2454580176947233e-06,0.0006950333869705597,9.142276645949184e-05,0.018656152681326442,0.0,0.0,,100,360,401,medium,grid_2d,0.0,True,True,2025-08-10T02:08:03.268435
copy,0.000739433259392778,0.00017261463614210243,0.17895586672239006,0.011565290724597227,0.004131930810292144,0.0,0.0,,100,360,401,medium,grid_2d,0.0,True,True,2025-08-10T02:08:04.077820
get_edge_weight,9.100108096996943e-06,1.7682078679312015e-06,0.00010373334710796674,4.29250510104758e-05,0.0877259661497807,0.0,0.0,,100,360,401,medium,grid_2d,0.0,True,True,2025-08-10T02:08:04.377980
node_attributes,1.5433334435025852e-05,3.700697065491256e-06,0.0012806666394074757,0.0005842892255234058,0.012051016213061013,0.0,0.0,,100,360,401,medium,grid_2d,0.0,True,True,2025-08-10T02:08:04.761683
add_parallel_edge,4.933293287952741e-06,6.599870429880301e-07,0.00013156669835249582,2.814282012582562e-05,0.037496519633983476,0.0,0.0,,100,360,401,medium,grid_2d,0.0,True,True,2025-08-10T02:08:05.219783
edge_list,0.00014116669384141764,1.6412626794380706e-05,0.00014953330780069032,1.7112602258782065e-05,0.9440484927249495,0.0,0.0,,100,360,401,medium,grid_2d,0.0,True,True,2025-08-10T02:08:05.656934
memory_usage,4.686671309173107e-05,6.557098269955962e-06,0.0009420999946693579,0.00011370205921851447,0.04974706863062826,0.0,0.0,,100,360,401,medium,grid_2d,0.0,True,True,2025-08-10T02:08:05.997257
add_edge,1.5633335957924526e-05,3.5140414222918806e-06,0.00013953338687618574,4.437501901051048e-05,0.11204010959611185,0.0,0.0,,100,198,217,medium,star,0.0,True,True,2025-08-10T02:08:06.366540
add_weighted_edge,1.9166618585586548e-05,2.955605827554518e-06,9.529998836417992e-05,8.953600181031312e-06,0.2011187925054421,0.0,0.0,,100,198,217,medium,star,0.0,True,True,2025-08-10T02:08:06.622261
has_edge,7.399978737036387e-06,7.257770326443739e-07,1.1233380064368248e-05,5.255123971206524e-06,0.6587490759356368,0.0,0.0,,100,198,217,medium,star,0.0,True,True,2025-08-10T02:08:06.903476
neighbors,1.4466621602574984e-05,3.551818036996884e-06,7.50333225975434e-05,1.3969050338930962e-05,0.19280262557703426,0.0,0.0,,100,198,217,medium,star,0.0,True,True,2025-08-10T02:08:07.272795
degree,1.6266790529092152e-05,7.858863452947891e-06,0.0005297332536429167,2.1398823528091973e-05,0.030707512539994878,0.0,0.0,,100,198,217,medium,star,0.0,True,True,2025-08-10T02:08:07.507125
copy,0.0004169999932249387,4.130876810067161e-05,0.13334739999845624,0.009719968365731324,0.003127170032784788,0.0,0.0,,100,198,217,medium,star,0.0,True,True,2025-08-10T02:08:08.179607
get_edge_weight,1.1366636802752813e-05,3.6709345915439227e-06,4.626670852303505e-05,3.3588759103460047e-06,0.2456763656981055,0.0,0.0,,100,198,217,medium,star,0.0,True,True,2025-08-10T02:08:08.446694
node_attributes,1.650000922381878e-05,7.424707398372446e-06,0.0006856667653967937,9.147773398457041e-06,0.024064181110295266,0.0,0.0,,100,198,217,medium,star,0.0,True,True,2025-08-10T02:08:08.715993
add_parallel_edge,4.7333693752686185e-06,1.3959589060515045e-06,0.00017129994618395963,6.825896565454563e-05,0.02763205407073179,0.0,0.0,,100,198,217,medium,star,0.0,True,True,2025-08-10T02:08:08.982540
edge_list,9.836660077174504e-05,1.3844879433430438e-05,7.529991368452708e-05,1.0041269072031167e-05,1.3063308569496779,0.0,0.0,,100,198,217,medium,star,0.0,True,True,2025-08-10T02:08:09.256515
memory_usage,6.623325559000175e-05,3.894654044983127e-05,0.000938833225518465,0.00013188241393267497,0.07054847846210899,0.0,0.0,,100,198,217,medium,star,0.0,True,True,2025-08-10T02:08:09.522128
add_edge,1.866665358344714e-05,4.637748310815137e-06,0.00010993323909739654,1.4952395561671436e-05,0.1697999052580377,1.5703125,0.0,,100,9900,9986,medium,complete,1.5703125,True,True,2025-08-10T02:08:10.196885
add_weighted_edge,1.8366612493991852e-05,6.650574385778318e-07,9.609999445577462e-05,7.144613622133813e-06,0.19111980804998066,0.0,0.0,,100,9900,9986,medium,complete,1.5703125,True,True,2025-08-10T02:08:10.483317
has_edge,7.5999026497205096e-06,2.1599041230107935e-07,7.266721998651822e-06,4.1096406279056887e-07,1.045850199186167,0.0,0.0,,100,9900,9986,medium,complete,1.5703125,True,True,2025-08-10T02:08:10.767760
neighbors,1.443332682053248e-05,2.2485251584736068e-06,0.0007306667199979225,9.28611945725799e-05,0.019753639279716365,0.0,0.0,,100,9900,9986,medium,complete,1.5703125,True,True,2025-08-10T02:08:11.049182
degree,1.4766662692030271e-05,2.2939708718376905e-06,0.003997066679100196,0.00047247763619958174,0.003694374869761864,0.0,0.15234375,,100,9900,9986,medium,complete,1.5703125,True,True,2025-08-10T02:08:11.346473
copy,0.008758133354907235,0.0004335811241775826,2.1794979666980603,0.016818953523148848,0.004018417768095379,0.5078125,1.96875,,100,9900,9986,medium,complete,1.5703125,True,True,2025-08-10T02:08:18.202030
get_edge_weight,8.299946784973145e-06,4.083464517800034e-07,0.0012124333685884874,0.00013650779459711303,0.006845693132510801,2.02734375,0.0,,100,9900,9986,medium,complete,1.5703125,True,True,2025-08-10T02:08:18.468560
node_attributes,9.733407447735468e-06,1.111563930633936e-06,0.0006850666056076685,1.0270478650935834e-05,0.014207972433719391,0.0,0.0,,100,9900,9986,medium,complete,1.5703125,True,True,2025-08-10T02:08:18.734692
add_parallel_edge,8.3333191772302e-06,5.080915815509378e-06,0.00011323338064054649,1.1349685445951952e-05,0.07359419219040975,0.0,0.0,,100,9900,9986,medium,complete,1.5703125,True,True,2025-08-10T02:08:19.001245
edge_list,0.0020984667353332043,0.00045289209101182686,0.0034941000243028006,0.002726860916016191,0.6005743169163923,0.0,0.00390625,,100,9900,9986,medium,complete,1.5703125,True,True,2025-08-10T02:08:19.317516
memory_usage,9.190004008511703e-05,3.233454592947967e-05,0.0010547666655232508,0.00010186329745323951,0.08712831291414302,0.0078125,0.0,,100,9900,9986,medium,complete,1.5703125,True,True,2025-08-10T02:08:19.599397
add_edge,1.6533304005861282e-05,1.7249870078412327e-06,0.00010720004017154376,1.4657566031991412e-05,0.1542285243494717,0.0,0.0,,100,2506,2586,dense,erdos_renyi,-2.5078125,True,True,2025-08-10T02:08:20.022474
add_weighted_edge,1.8133316189050674e-05,1.1586368236301638e-06,0.00011819996871054173,2.9554112995775705e-05,0.15341219111027943,0.0,0.0,,100,2506,2586,dense,erdos_renyi,-2.5078125,True,True,2025-08-10T02:08:20.288668
has_edge,7.766687000791231e-06,7.318469327274936e-07,0.00022620001497368017,8.130909457606894e-05,0.0343354840259181,0.0,0.0,,100,2506,2586,dense,erdos_renyi,-2.5078125,True,True,2025-08-10T02:08:20.539125
neighbors,9.50003353257974e-06,5.716062745841983e-07,0.0002885666520645221,7.485549682612653e-05,0.03292145320539527,0.0,0.0,,100,2506,2586,dense,erdos_renyi,-2.5078125,True,True,2025-08-10T02:08:20.801370
degree,1.1133418108026186e-05,7.586493311080988e-07,0.001240933391576012,5.4242921638167165e-05,0.008971809593975474,0.0,0.1875,,100,2506,2586,dense,erdos_renyi,-2.5078125,True,True,2025-08-10T02:08:21.051416
copy,0.00281929993070662,0.0002346821635312335,0.7330963000034293,0.07768125975024724,0.0038457429544978363,0.125,0.32421875,,100,2506,2586,dense,erdos_renyi,-2.5078125,True,True,2025-08-10T02:08:23.588736
get_edge_weight,1.1033378541469574e-05,4.151545698604401e-06,0.0009436667120705048,0.0005809710361456156,0.01169202897626978,0.0,0.0,,100,2506,2586,dense,erdos_renyi,-2.5078125,True,True,2025-08-10T02:08:23.900805
node_attributes,1.1233302454153696e-05,8.17881488227307e-07,0.0009790999659647544,0.00017382630582346432,0.011473090434728984,0.0,0.0,,100,2506,2586,dense,erdos_renyi,-2.5078125,True,True,2025-08-10T02:08:24.213595
add_parallel_edge,4.09991480410099e-06,5.714569059826304e-07,0.00015103335802753767,1.5486819568480166e-05,0.027145756789393898,0.0,0.0,,100,2506,2586,dense,erdos_renyi,-2.5078125,True,True,2025-08-10T02:08:24.597749
edge_list,0.0009187333441028992,0.00041372589727632826,0.0005391334028293689,0.00010072504315600523,1.704092789059984,0.0,0.00390625,,100,2506,2586,dense,erdos_renyi,-2.5078125,True,True,2025-08-10T02:08:24.977547
memory_usage,6.930002321799596e-05,3.322714518807426e-05,0.001101166708394885,0.00022357717646249244,0.06293327131094537,0.0,0.0,,100,2506,2586,dense,erdos_renyi,-2.5078125,True,True,2025-08-10T02:08:25.268876
add_edge,1.4833252256115278e-05,2.4527364759639897e-06,0.00011056653844813506,1.7207027195229544e-05,0.1341567934052065,0.32421875,0.0,,100,3750,3834,dense,barabasi_albert,0.32421875,True,True,2025-08-10T02:08:25.726590
add_weighted_edge,1.766664596895377e-05,1.143976042028495e-06,0.00011086673475801945,1.4495101590568095e-05,0.15935028669793008,0.0,0.0,,100,3750,3834,dense,barabasi_albert,0.32421875,True,True,2025-08-10T02:08:25.976563
has_edge,8.43328113357226e-06,8.055425319912018e-07,9.466583530108133e-06,1.9601195377849295e-06,0.8908473798124221,0.0,0.0,,100,3750,3834,dense,barabasi_albert,0.32421875,True,True,2025-08-10T02:08:26.273447
neighbors,1.4399954428275427e-05,1.8833068970158463e-06,0.000295933336019516,3.348990401430221e-06,0.048659453584931,0.0,0.0,,100,3750,3834,dense,barabasi_albert,0.32421875,True,True,2025-08-10T02:08:26.540405
degree,1.116671289006869e-05,5.735919619211874e-07,0.001765866686279575,0.00014524933132631238,0.006323644348031353,0.0,0.0,,100,3750,3834,dense,barabasi_albert,0.32421875,True,True,2025-08-10T02:08:26.810261
copy,0.0037470333433399596,0.00026152328182371215,1.2654260332540919,0.05055070158380993,0.0029610844449788334,0.0,0.46875,,100,3750,3834,dense,barabasi_albert,0.32421875,True,True,2025-08-10T02:08:30.959342
get_edge_weight,1.2900059421857199e-05,4.846338135430005e-06,0.0006330333029230436,0.0001875537094259167,0.0203781686718391,0.0,0.0,,100,3750,3834,dense,barabasi_albert,0.32421875,True,True,2025-08-10T02:08:31.383435
node_attributes,3.286660648882389e-05,1.3347717482803594e-05,0.0015298000847299893,0.00037172288292917395,0.021484249358389117,0.0,0.0,,100,3750,3834,dense,barabasi_albert,0.32421875,True,True,2025-08-10T02:08:31.926128
add_parallel_edge,7.733392218748728e-06,1.1897933293104476e-06,0.0001642332257082065,8.317350624870655e-05,0.04708786657146138,0.0,0.0,,100,3750,3834,dense,barabasi_albert,0.32421875,True,True,2025-08-10T02:08:32.494620
edge_list,0.0008082999847829342,9.865439158204735e-05,0.0009949333034455776,0.00027292172120059395,0.812416251404683,0.0,0.0078125,,100,3750,3834,dense,barabasi_albert,0.32421875,True,True,2025-08-10T02:08:32.890046
memory_usage,7.486661585668723e-05,1.4983592511331525e-05,0.0015934666929145653,0.00043185428716482205,0.04698348336340234,0.0,0.0,,100,3750,3834,dense,barabasi_albert,0.32421875,True,True,2025-08-10T02:08:33.488316
add_edge,3.193334365884463e-05,1.4949347892359298e-05,0.00014513335190713406,2.1660586050296737e-05,0.22002760384999376,0.265625,0.0,,100,5000,5096,dense,watts_strogatz,0.265625,True,True,2025-08-10T02:08:34.300063
add_weighted_edge,2.1266595770915348e-05,5.257545955770143e-06,0.00011553335934877396,2.0497500741842038e-05,0.1840732052697906,0.0,0.0,,100,5000,5096,dense,watts_strogatz,0.265625,True,True,2025-08-10T02:08:34.581171
has_edge,7.233349606394768e-06,1.143930812445037e-06,9.199992443124453e-06,1.2357374102650932e-06,0.7862342986814689,0.0,0.0,,100,5000,5096,dense,watts_strogatz,0.265625,True,True,2025-08-10T02:08:34.858009
neighbors,1.0433296362559e-05,6.019438534310161e-07,0.0005919000444312891,0.00022892686156982854,0.017626787598205955,0.0,0.0,,100,5000,5096,dense,watts_strogatz,0.265625,True,True,2025-08-10T02:08:35.109099
degree,1.1333264410495758e-05,2.867914707035388e-07,0.0022544333090384803,0.00017011943882142176,0.005027101207677514,0.0,0.0,,100,5000,5096,dense,watts_strogatz,0.265625,True,True,2025-08-10T02:08:35.383086
copy,0.004975000008319815,0.0004253220231400849,1.1924193333058308,0.04349734611197518,0.00417218999169299,0.0,0.01953125,,100,5000,5096,dense,watts_strogatz,0.265625,True,True,2025-08-10T02:08:39.266814
get_edge_weight,7.799904172619184e-06,8.286504720294386e-07,0.0005642334775378307,3.480968208944289e-05,0.01382389468745448,0.0,0.0,,100,5000,5096,dense,watts_strogatz,0.265625,True,True,2025-08-10T02:08:39.547980
node_attributes,1.3666615510980288e-05,1.94826261049915e-06,0.000814400070036451,0.000145282891672105,0.016781206207863657,0.0,0.0,,100,5000,5096,dense,watts_strogatz,0.265625,True,True,2025-08-10T02:08:39.831430
add_parallel_edge,3.899990891416867e-06,3.558835153945289e-07,0.00014986664367218813,6.082944305169448e-06,0.026023074887481568,0.0,0.0,,100,5000,5096,dense,watts_strogatz,0.265625,True,True,2025-08-10T02:08:40.113345
edge_list,0.001170966774225235,0.00025539570324407403,0.0011181666826208432,0.00019419110519682754,1.0472202332845717,0.0,0.0,,100,5000,5096,dense,watts_strogatz,0.265625,True,True,2025-08-10T02:08:40.403378
memory_usage,5.5566662922501564e-05,1.100989343233327e-05,0.0011186332752307255,0.00029531114546745734,0.04967370822313557,0.00390625,0.0,,100,5000,5096,dense,watts_strogatz,0.265625,True,True,2025-08-10T02:08:40.682464
add_edge,4.749993483225504e-05,1.8516499847193533e-05,0.00024253331745664278,1.198841775506872e-05,0.19584911190911541,0.0,0.0,,100,360,393,dense,grid_2d,-1.1171875,True,True,2025-08-10T02:08:41.335763
add_weighted_edge,2.2133269036809605e-05,5.90221026970312e-06,0.0001007999914387862,7.789438487064714e-07,0.21957610036356692,0.0,0.0,,100,360,393,dense,grid_2d,-1.1171875,True,True,2025-08-10T02:08:41.696463
has_edge,7.066642865538597e-06,7.58604995283651e-07,9.43328874806563e-06,1.3572380281037001e-06,0.7491176252807557,0.0,0.0,,100,360,393,dense,grid_2d,-1.1171875,True,True,2025-08-10T02:08:42.008769
neighbors,1.1766639848550161e-05,8.653543864463135e-07,5.92332798987627e-05,2.090876489529931e-05,0.1986491355646836,0.0,0.0,,100,360,393,dense,grid_2d,-1.1171875,True,True,2025-08-10T02:08:42.314600
degree,1.2100130940477053e-05,1.1859930171549045e-06,0.0008711666644861301,0.0002834673032626996,0.01388957065708487,0.0,0.0,,100,360,393,dense,grid_2d,-1.1171875,True,True,2025-08-10T02:08:42.626783
copy,0.000536433265854915,3.0103895282757336e-05,0.20694119995459914,0.013794741210957428,0.002592201388474616,0.0,0.0,,100,360,393,dense,grid_2d,-1.1171875,True,True,2025-08-10T02:08:43.550853
get_edge_weight,1.2533273547887802e-05,6.926351186182143e-06,5.5066620310147606e-05,1.7594854284357679e-06,0.227602011478053,0.0,0.0,,100,360,393,dense,grid_2d,-1.1171875,True,True,2025-08-10T02:08:43.862787
node_attributes,1.2766647463043531e-05,1.5798282964475852e-06,0.0008092332476129135,8.544654561649129e-05,0.01577622706519134,0.0,0.0,,100,360,393,dense,grid_2d,-1.1171875,True,True,2025-08-10T02:08:44.175534
add_parallel_edge,4.633329808712006e-06,9.741379445445561e-07,0.00011756674697001775,6.607789884383208e-06,0.03941020678146017,0.0,0.0,,100,360,393,dense,grid_2d,-1.1171875,True,True,2025-08-10T02:08:44.467038
edge_list,0.00021986671102543673,0.00012120536823469309,0.00010639987885951996,1.8666704931356466e-05,2.0664188097030385,0.0,0.0,,100,360,393,dense,grid_2d,-1.1171875,True,True,2025-08-10T02:08:44.751816
memory_usage,8.503332113226254e-05,4.4411389086163684e-05,0.0011422999668866396,0.0002938193184128829,0.07444044786591607,0.0,0.0,,100,360,393,dense,grid_2d,-1.1171875,True,True,2025-08-10T02:08:45.050642
add_edge,1.4433404430747032e-05,1.8867300153704905e-07,0.00012833330159386,3.568569319609165e-05,0.11246811428903179,0.0,0.0,,100,198,223,dense,star,0.0,True,True,2025-08-10T02:08:45.446444
add_weighted_edge,1.593329943716526e-05,7.363700427792983e-07,9.746655511359374e-05,6.206029074114785e-06,0.16347453153130914,0.0,0.0,,100,198,223,dense,star,0.0,True,True,2025-08-10T02:08:45.744942
has_edge,9.266737227638563e-06,1.2119224587767395e-06,8.100178092718124e-06,1.019811668008613e-06,1.1440164798313692,0.0,0.0,,100,198,223,dense,star,0.0,True,True,2025-08-10T02:08:46.064534
neighbors,1.3899989426136017e-05,2.828448661785779e-07,5.1833378771940865e-05,3.765000420866042e-06,0.2681667634921871,0.0,0.0,,100,198,223,dense,star,0.0,True,True,2025-08-10T02:08:46.411372
degree,1.866665358344714e-05,6.513746102407913e-06,0.0008773665564755598,0.0004324944981012207,0.021275775154266575,0.0,0.0,,100,198,223,dense,star,0.0,True,True,2025-08-10T02:08:46.710209
copy,0.0005373333115130663,9.159993679121708e-05,0.16866986663080752,0.03558143730559912,0.0031857101819449856,0.0,0.0,,100,198,223,dense,star,0.0,True,True,2025-08-10T02:08:47.577044
get_edge_weight,1.3733360295494398e-05,3.2886727464882853e-06,6.069995773335298e-05,2.3565249811705077e-05,0.2262499152935701,0.0,0.0,,100,198,223,dense,star,0.0,True,True,2025-08-10T02:08:47.939291
node_attributes,1.8366690104206402e-05,1.0351272592282818e-05,0.0011044666947176058,0.0004613598102803504,0.01662946487390683,0.0,0.0,,100,198,223,dense,star,0.0,True,True,2025-08-10T02:08:48.270408
add_parallel_edge,4.600035026669502e-06,1.2082367224625634e-06,0.0001059332862496376,1.982127410721234e-05,0.04342388676425337,0.0,0.0,,100,198,223,dense,star,0.0,True,True,2025-08-10T02:08:48.534696
edge_list,0.00012123336394627889,1.0383950253173075e-05,6.896668734649818e-05,1.1553491166421556e-05,1.7578539525493764,0.0,0.0,,100,198,223,dense,star,0.0,True,True,2025-08-10T02:08:48.802248
memory_usage,8.953339420258999e-05,5.3618614608842594e-05,0.0016505666232357423,0.0004278150051919443,0.054244035316229934,0.0,0.0,,100,198,223,dense,star,0.0,True,True,2025-08-10T02:08:49.223166
add_edge,3.66666354238987e-05,8.226859327941301e-06,0.00026753335259854794,8.713452237256301e-05,0.13705444598871935,1.33203125,0.0,,100,9900,9995,dense,complete,1.33203125,True,True,2025-08-10T02:08:50.440045
add_weighted_edge,7.806664022306602e-05,5.367218746123434e-05,0.00016226666048169136,1.8789384386892242e-05,0.48110092357434275,0.0,0.0,,100,9900,9995,dense,complete,1.33203125,True,True,2025-08-10T02:08:50.953618
has_edge,8.966618527968725e-06,2.747471616614395e-06,7.5999026497205096e-06,3.558835153945289e-07,1.1798333401413341,0.0,0.0,,100,9900,9995,dense,complete,1.33203125,True,True,2025-08-10T02:08:51.334247
neighbors,1.2600018332401911e-05,1.1576461407616838e-06,0.0012175333686172962,3.9499119426566085e-05,0.010348807397953491,0.0,0.0,,100,9900,9995,dense,complete,1.33203125,True,True,2025-08-10T02:08:51.693895
degree,1.1666600281993548e-05,1.4430250164800842e-06,0.00807226674320797,0.002946016334785148,0.0014452694209851106,0.0,0.15234375,,100,9900,9995,dense,complete,1.33203125,True,True,2025-08-10T02:08:52.064100
copy,0.017212433274835348,0.0009688514133989506,3.2686155333649367,0.07455880876254672,0.005265970591871871,0.296875,1.84375,,100,9900,9995,dense,complete,1.33203125,True,True,2025-08-10T02:09:02.365480
get_edge_weight,1.58333374808232e-05,9.40357095434697e-06,0.0010065000193814437,2.0749279186779795e-05,0.015731085122634932,1.7421875,0.0,,100,9900,9995,dense,complete,1.33203125,True,True,2025-08-10T02:09:02.693654
node_attributes,1.9966702287395794e-05,6.97724771803661e-06,0.0007835333235561848,7.104132017479866e-05,0.025482901220810737,0.0,0.0,,100,9900,9995,dense,complete,1.33203125,True,True,2025-08-10T02:09:03.043765
add_parallel_edge,5.76659416158994e-06,6.342392301329646e-07,0.0003072666780402263,9.81281666877496e-05,0.018767391890229624,0.0,0.0,,100,9900,9995,dense,complete,1.33203125,True,True,2025-08-10T02:09:03.537217
edge_list,0.005899999989196658,0.0009507423981502856,0.0033532666663328805,0.0007812899504539263,1.7594783166019048,0.0,0.0,,100,9900,9995,dense,complete,1.33203125,True,True,2025-08-10T02:09:04.109563
memory_usage,6.16667481760184e-05,6.458715106219823e-06,0.0015343333749721448,0.0003824472199230235,0.040191231698351045,0.0,0.0,,100,9900,9995,dense,complete,1.33203125,True,True,2025-08-10T02:09:04.499764
add_edge,1.693322944144408e-05,8.178814882273069e-07,0.00010853338365753491,9.44543550861361e-06,0.15601862644285572,0.0,0.0,,1000,1999,2073,sparse,erdos_renyi,-1.953125,True,False,2025-08-10T02:09:05.689756
add_weighted_edge,2.1433380121986072e-05,3.890419895884406e-06,0.00015170002977053323,5.251144264516276e-05,0.14128790979413092,0.0,0.0,,1000,1999,2073,sparse,erdos_renyi,-1.953125,True,False,2025-08-10T02:09:06.144266
has_edge,1.2699980288743973e-05,3.7067097303124624e-06,0.00019286658304433027,1.9431324177634424e-05,0.065848526418,0.0,0.0,,1000,1999,2073,sparse,erdos_renyi,-1.953125,True,False,2025-08-10T02:09:06.582628
neighbors,1.516666573782762e-05,7.165403276523974e-06,0.00023970000135401884,6.54839407107513e-05,0.06327353213247419,0.0,0.0,,1000,1999,2073,sparse,erdos_renyi,-1.953125,True,False,2025-08-10T02:09:06.916853
degree,2.2400015344222386e-05,6.334602169480173e-06,0.001847833472614487,0.0007521143651589237,0.012122312792899437,0.0,0.1328125,,1000,1999,2073,sparse,erdos_renyi,-1.953125,True,False,2025-08-10T02:09:07.337799
copy,0.0054862666099021835,0.0006907148290187216,1.548134100002547,0.12487631314696765,0.0035437928858315037,0.0546875,0.578125,,1000,1999,2073,sparse,erdos_renyi,-1.953125,True,False,2025-08-10T02:09:12.456655
get_edge_weight,1.4699995517730713e-05,1.3588572443699153e-06,0.0004012666177004576,7.253904667781738e-05,0.03663398565764607,0.00390625,0.0,,1000,1999,2073,sparse,erdos_renyi,-1.953125,True,False,2025-08-10T02:09:12.867164
node_attributes,1.316665050884088e-05,3.771264882381039e-06,0.0014222665534665186,0.0005868206813531041,0.009257512578601768,0.0,0.0,,1000,1999,2073,sparse,erdos_renyi,-1.953125,True,False,2025-08-10T02:09:13.186097
add_parallel_edge,5.866788948575656e-06,2.7860429227301747e-06,0.00010413327254354954,3.307821821464565e-06,0.05633923534019454,0.0,0.0,,1000,1999,2073,sparse,erdos_renyi,-1.953125,True,False,2025-08-10T02:09:13.518198
edge_list,0.0010332999130090077,0.00034320287088497825,0.0004967000180234512,6.594567080268951e-05,2.080329928557042,0.0,0.0,,1000,1999,2073,sparse,erdos_renyi,-1.953125,True,False,2025-08-10T02:09:13.908071
memory_usage,0.00036963339274128276,0.0002193209837388709,0.0026977000137170157,0.00017762747471126463,0.13701797489038997,0.0,0.0,,1000,1999,2073,sparse,erdos_renyi,-1.953125,True,False,2025-08-10T02:09:14.341499
add_edge,1.91999909778436e-05,2.8295720807820066e-06,9.936668599645297e-05,4.503584394836861e-06,0.1932236220349441,0.0,0.0,,1000,3992,4077,sparse,barabasi_albert,-0.14453125,True,False,2025-08-10T02:09:15.498670
add_weighted_edge,3.803335130214691e-05,1.3919980554802214e-05,9.836660077174504e-05,2.6145094481636134e-06,0.3866490353814449,0.0,0.0,,1000,3992,4077,sparse,barabasi_albert,-0.14453125,True,False,2025-08-10T02:09:15.907760
has_edge,1.2933431814114252e-05,2.6549945831833644e-06,8.299946784973145e-06,6.481508606801485e-07,1.5582547875523638,0.0,0.0,,1000,3992,4077,sparse,barabasi_albert,-0.14453125,True,False,2025-08-10T02:09:16.296733
neighbors,1.1900051807363829e-05,1.4235776640639723e-06,0.0004367332439869642,7.632750775228377e-05,0.027247872634396996,0.0,0.0,,1000,3992,4077,sparse,barabasi_albert,-0.14453125,True,False,2025-08-10T02:09:16.666155
degree,1.576667030652364e-05,3.987789412428345e-06,0.002958733278016249,0.00022625930618365864,0.005328858273123817,0.0,0.0,,1000,3992,4077,sparse,barabasi_albert,-0.14453125,True,False,2025-08-10T02:09:17.143933
copy,0.011687466641888022,0.0037001878978645516,1.950409166670094,0.1688076201269859,0.005992315274974773,0.0,0.53125,,1000,3992,4077,sparse,barabasi_albert,-0.14453125,True,False,2025-08-10T02:09:23.483841
get_edge_weight,1.7366604879498482e-05,3.3089841982621415e-06,0.0006612333624313275,0.00011193112732184997,0.026263957425926302,0.0,0.0,,1000,3992,4077,sparse,barabasi_albert,-0.14453125,True,False,2025-08-10T02:09:23.985680
node_attributes,3.089996365209421e-05,1.7837704146684176e-05,0.0008624667146553596,0.00014482204886669735,0.035827427455495234,0.0,0.0,,1000,3992,4077,sparse,barabasi_albert,-0.14453125,True,False,2025-08-10T02:09:24.358115
add_parallel_edge,4.266621544957161e-06,5.906420123637893e-07,0.00023719994351267815,0.0001089826909665145,0.01798744755910582,0.0,0.0,,1000,3992,4077,sparse,barabasi_albert,-0.14453125,True,False,2025-08-10T02:09:24.786486
edge_list,0.0018598000363757212,0.00026550929983802527,0.0011953999443600576,0.0005565761780619902,1.555797325531366,0.0,0.0,,1000,3992,4077,sparse,barabasi_albert,-0.14453125,True,False,2025-08-10T02:09:25.219157
memory_usage,0.0005075667674342791,0.0003530114777240534,0.00211703327173988,0.0005412311295368373,0.23975379801996982,0.0,0.0,,1000,3992,4077,sparse,barabasi_albert,-0.14453125,True,False,2025-08-10T02:09:25.635932
add_edge,2.3866693178812664e-05,5.572742534794202e-06,0.00012386652330557504,1.5644426272081548e-05,0.19268073844241385,0.0,0.0,,1000,4000,4086,sparse,watts_strogatz,0.0,True,False,2025-08-10T02:09:26.746297
add_weighted_edge,2.1966717516382534e-05,1.5413256875167499e-06,0.00018953337954978147,9.585002083978199e-05,0.11589893858571183,0.0,0.0,,1000,4000,4086,sparse,watts_strogatz,0.0,True,False,2025-08-10T02:09:27.182547
has_edge,1.009996049106121e-05,1.7282106789239842e-06,7.766609390576681e-06,2.8669223760146364e-07,1.3004336877448237,0.0,0.0,,1000,4000,4086,sparse,watts_strogatz,0.0,True,False,2025-08-10T02:09:27.552347
neighbors,1.0966633756955465e-05,1.51066782843602e-06,0.0006865333610524734,0.00041294718778202305,0.015973926948201513,0.0,0.0,,1000,4000,4086,sparse,watts_strogatz,0.0,True,False,2025-08-10T02:09:27.952267
degree,1.4933369432886442e-05,3.445156870465573e-06,0.003692566572378079,0.0007775985339792796,0.004044170671043335,0.0,0.03125,,1000,4000,4086,sparse,watts_strogatz,0.0,True,False,2025-08-10T02:09:28.389992
copy,0.011278100001315275,0.0027687723653113676,1.9972797666365902,0.11741992920372085,0.005646730212616905,0.00390625,0.0078125,,1000,4000,4086,sparse,watts_strogatz,0.0,True,False,2025-08-10T02:09:34.929585
get_edge_weight,9.300109619895617e-06,1.0707319137374515e-06,0.0004784332898755868,2.5294838893448663e-05,0.01943867581270117,0.0,0.0,,1000,4000,4086,sparse,watts_strogatz,0.0,True,False,2025-08-10T02:09:35.249334
node_attributes,1.1766717458764711e-05,1.4430250164800842e-06,0.0010764666367322206,0.00044236469367372913,0.010930870551162073,0.0,0.0,,1000,4000,4086,sparse,watts_strogatz,0.0,True,False,2025-08-10T02:09:35.567093
add_parallel_edge,5.900083730618159e-06,7.788641358727646e-07,0.00012026665111382802,1.7367124053298827e-05,0.04905835221963522,0.0,0.0,,1000,4000,4086,sparse,watts_strogatz,0.0,True,False,2025-08-10T02:09:35.838990
edge_list,0.0013941333163529634,0.00035930699448891216,0.0007947666260103384,0.00010368376100013704,1.7541417451703971,0.0,0.0,,1000,4000,4086,sparse,watts_strogatz,0.0,True,False,2025-08-10T02:09:36.179407
memory_usage,0.0004017667379230261,0.00014205734592924414,0.001110499957576394,0.00017667517400489063,0.361789061928341,0.0,0.0,,1000,4000,4086,sparse,watts_strogatz,0.0,True,False,2025-08-10T02:09:36.502171
add_edge,2.7633272111415863e-05,1.963744737131806e-05,0.00010299993058045705,1.168784033088412e-05,0.2682843760737343,0.0,0.0,,1000,3720,3825,sparse,grid_2d,0.0,True,False,2025-08-10T02:09:37.425476
add_weighted_edge,1.8300022929906845e-05,1.5512902819400512e-06,0.0001394333473096291,3.8152414311306234e-05,0.13124566886621006,0.0,0.0,,1000,3720,3825,sparse,grid_2d,0.0,True,False,2025-08-10T02:09:37.725306
has_edge,9.26658200720946e-06,1.3816884004573689e-06,1.3700143123666445e-05,6.151968407329482e-06,0.6763857810508427,0.0,0.0,,1000,3720,3825,sparse,grid_2d,0.0,True,False,2025-08-10T02:09:38.025317
neighbors,1.0233294839660326e-05,6.599713544166818e-07,0.0003247666172683239,3.127260820565708e-05,0.031509688174648574,0.0,0.0,,1000,3720,3825,sparse,grid_2d,0.0,True,False,2025-08-10T02:09:38.310723
degree,1.6699933136502903e-05,7.940150943233934e-06,0.0020246333442628384,0.00022734361863397488,0.008248374049466862,0.0,0.0,,1000,3720,3825,sparse,grid_2d,0.0,True,False,2025-08-10T02:09:38.607518
copy,0.0052309667225927114,0.0007637476324712597,1.4857938666827977,0.021016241975256433,0.003520654405628578,0.0,0.0,,1000,3720,3825,sparse,grid_2d,0.0,True,False,2025-08-10T02:09:43.351681
get_edge_weight,1.2200092896819115e-05,6.010509415350198e-06,0.0004394998929152886,2.326551491348128e-05,0.02775903497016465,0.0,0.0,,1000,3720,3825,sparse,grid_2d,0.0,True,False,2025-08-10T02:09:43.638947
node_attributes,1.3033316160241762e-05,1.651947471095802e-06,0.0008758332890768846,0.0001183204465429043,0.014881046795993202,0.0,0.0,,1000,3720,3825,sparse,grid_2d,0.0,True,False,2025-08-10T02:09:43.901484
add_parallel_edge,4.100070024530093e-06,3.5592712856956184e-07,0.00011659995652735233,9.562499283338497e-06,0.0351635639209547,0.0,0.0,,1000,3720,3825,sparse,grid_2d,0.0,True,False,2025-08-10T02:09:44.208176
edge_list,0.000862333302696546,1.891343307128855e-05,0.0008149333298206329,7.091820210286115e-05,1.0581642339826078,0.0,0.0,,1000,3720,3825,sparse,grid_2d,0.0,True,False,2025-08-10T02:09:44.487658
memory_usage,0.0002305000089108944,2.3457352994777633e-05,0.0018436333630234003,0.000905817072142377,0.1250248631500648,0.0,0.0,,1000,3720,3825,sparse,grid_2d,0.0,True,False,2025-08-10T02:09:44.790874
add_edge,1.609992856780688e-05,6.481149324724462e-07,9.976668904225032e-05,9.582758086658346e-06,0.16137579308649505,0.0,0.0,,1000,1998,2083,sparse,star,0.0,True,False,2025-08-10T02:09:45.541623
add_weighted_edge,1.9999997069438297e-05,5.593356550781224e-06,0.0001746999720732371,4.3811404951229956e-05,0.11448197061562192,0.0,0.0,,1000,1998,2083,sparse,star,0.0,True,False,2025-08-10T02:09:45.843628
has_edge,1.1866679415106773e-05,7.094781807280091e-06,7.0999376475811005e-06,2.828448661785779e-07,1.6713779759952778,0.0,0.0,,1000,1998,2083,sparse,star,0.0,True,False,2025-08-10T02:09:46.158094
neighbors,3.0299959083398182e-05,7.29703480734827e-06,0.0002633000258356333,6.327918517109976e-05,0.11507769126583042,0.0,0.0,,1000,1998,2083,sparse,star,0.0,True,False,2025-08-10T02:09:46.450822
degree,1.7399977271755535e-05,9.129008773467872e-06,0.001278566662222147,0.00013696250573303555,0.013608971503694927,0.0,0.0,,1000,1998,2083,sparse,star,0.0,True,False,2025-08-10T02:09:46.758049
copy,0.004421399983887871,0.00046410270104423057,1.140055700050046,0.019219663686604153,0.0038782315492951625,0.0,0.0,,1000,1998,2083,sparse,star,0.0,True,False,2025-08-10T02:09:50.525176
get_edge_weight,8.066572869817415e-06,6.549050293915382e-07,0.00021596672013401985,2.04998824162054e-06,0.03735099956517208,0.0,0.0,,1000,1998,2083,sparse,star,0.0,True,False,2025-08-10T02:09:50.792393
node_attributes,1.116671289006869e-05,4.496486544576258e-07,0.0008190333222349485,6.710678003728089e-05,0.013634015353120636,0.0,0.0,,1000,1998,2083,sparse,star,0.0,True,False,2025-08-10T02:09:51.093453
add_parallel_edge,6.333226338028908e-06,8.731015232503131e-07,0.00011206666628519694,3.866415431602634e-06,0.05651302521939544,0.0,0.0,,1000,1998,2083,sparse,star,0.0,True,False,2025-08-10T02:09:51.382363
edge_list,0.0007050666802873214,0.0002156291950545229,0.0003731999701509873,2.9285553818301923e-05,1.8892463469438896,0.0,0.0,,1000,1998,2083,sparse,star,0.0,True,False,2025-08-10T02:09:51.678628
memory_usage,0.00023916666395962238,6.866611013747408e-06,0.0015575000240157049,0.0004865700610562654,0.15355804832861483,0.0,0.0,,1000,1998,2083,sparse,star,0.0,True,False,2025-08-10T02:09:51.981723
add_edge,1.610000617802143e-05,3.0010665208292974e-06,0.00011316671346624692,2.7185289927358175e-05,0.1422680369950252,1.0234375,0.0,,1000,9980,10065,medium,erdos_renyi,1.0234375,True,False,2025-08-10T02:09:53.027505
add_weighted_edge,1.9800073156754177e-05,2.046051529521821e-06,0.00013733337012430033,3.5140995805187663e-06,0.14417525135248008,0.0,0.0,,1000,9980,10065,medium,erdos_renyi,1.0234375,True,False,2025-08-10T02:09:53.356103
has_edge,1.0733337452014288e-05,2.088729412583215e-06,0.0009495666405806938,0.00023844831543215538,0.011303406199538001,0.0,0.0,,1000,9980,10065,medium,erdos_renyi,1.0234375,True,False,2025-08-10T02:09:53.803359
neighbors,2.759997732937336e-05,1.751414349690092e-05,0.0015292666697253783,0.0006491534248171675,0.018047851218996155,0.0,0.0,,1000,9980,10065,medium,erdos_renyi,1.0234375,True,False,2025-08-10T02:09:54.378625
degree,3.449999106427034e-05,1.5207237107641804e-05,0.006384999956935644,0.0017880899367082146,0.005403287595451753,0.0,0.0,,1000,9980,10065,medium,erdos_renyi,1.0234375,True,False,2025-08-10T02:09:54.872008
copy,0.014808400068432093,0.001854467703777026,3.5448545666101077,0.3467336018385616,0.004177435150066861,0.50390625,1.80859375,,1000,9980,10065,medium,erdos_renyi,1.0234375,True,False,2025-08-10T02:10:05.905131
get_edge_weight,9.233287225166956e-06,8.576066438604064e-07,0.00168013332101206,0.0001795207796786168,0.005495568184794473,0.0,0.0,,1000,9980,10065,medium,erdos_renyi,1.0234375,True,False,2025-08-10T02:10:06.287348
node_attributes,1.2300054853161177e-05,1.9201164004764656e-06,0.0007528333614269892,1.4255850834788132e-05,0.016338349870476686,0.0,0.0,,1000,9980,10065,medium,erdos_renyi,1.0234375,True,False,2025-08-10T02:10:06.634517
add_parallel_edge,6.366598730285962e-06,2.493164160623911e-06,0.00011730000066260497,4.4654480244828615e-06,0.05427620370266223,0.0,0.0,,1000,9980,10065,medium,erdos_renyi,1.0234375,True,False,2025-08-10T02:10:06.981714
edge_list,0.004908900009468198,0.0010440064890204451,0.002656066712612907,0.0006590054165201854,1.8481840031190575,0.0,0.0,,1000,9980,10065,medium,erdos_renyi,1.0234375,True,False,2025-08-10T02:10:07.467023
memory_usage,0.00039816671051084995,0.00011209842040706002,0.0011872999990979831,0.0001685412027742439,0.335354763592475,0.0,0.0,,1000,9980,10065,medium,erdos_renyi,1.0234375,True,False,2025-08-10T02:10:07.835867
add_edge,2.0033369461695354e-05,1.960268674569319e-06,9.889993816614151e-05,6.870600440646414e-06,0.20256200188964119,7.5078125,0.0,,1000,19800,19888,medium,barabasi_albert,7.5078125,True,False,2025-08-10T02:10:09.370200
add_weighted_edge,2.8799908856550854e-05,1.0101944949961106e-05,0.00013173332748313746,1.1921205175019129e-05,0.21862279961187034,0.0,0.0,,1000,19800,19888,medium,barabasi_albert,7.5078125,True,False,2025-08-10T02:10:09.738721
has_edge,1.2833314637343088e-05,8.901798497940901e-06,7.333466783165932e-06,5.436781491512289e-07,1.7499656051899122,0.0,0.0,,1000,19800,19888,medium,barabasi_albert,7.5078125,True,False,2025-08-10T02:10:10.147921
neighbors,2.233334816992283e-05,5.380313409433518e-06,0.0014720999946196873,0.00020278042451784016,0.01517108093984647,0.0,0.0,,1000,19800,19888,medium,barabasi_albert,7.5078125,True,False,2025-08-10T02:10:10.606399
degree,1.2000013763705889e-05,8.286692036734665e-07,0.00773700000718236,0.00046266463444717335,0.0015509905328378074,0.0,0.07421875,,1000,19800,19888,medium,barabasi_albert,7.5078125,True,False,2025-08-10T02:10:10.988701
copy,0.02649856669207414,0.0068630936216786224,5.542189133198311,0.04422425458748377,0.004781245470917776,0.55078125,4.55078125,,1000,19800,19888,medium,barabasi_albert,7.5078125,True,False,2025-08-10T02:10:28.071372
get_edge_weight,1.1299969628453255e-05,2.2642281748482232e-06,0.0034476332366466522,0.00035928285932617976,0.0032776020106605637,4.53515625,0.0,,1000,19800,19888,medium,barabasi_albert,7.5078125,True,False,2025-08-10T02:10:28.418778
node_attributes,1.8466652060548466e-05,8.626456234086922e-06,0.0009319333670039972,0.0001772197509588096,0.01981542105302606,0.0,0.0,,1000,19800,19888,medium,barabasi_albert,7.5078125,True,False,2025-08-10T02:10:28.779356
add_parallel_edge,6.266636773943901e-06,1.8116513931648016e-06,0.00012650007071594396,5.145817807031504e-06,0.04953860293102634,0.0,0.0,,1000,19800,19888,medium,barabasi_albert,7.5078125,True,False,2025-08-10T02:10:29.154578
edge_list,0.00656779995188117,0.0014854502135144899,0.005353833393504222,0.0010727181263406609,1.2267471677116153,0.1484375,0.36328125,,1000,19800,19888,medium,barabasi_albert,7.5078125,True,False,2025-08-10T02:10:29.605581
memory_usage,0.000300000033651789,9.674996845636795e-05,0.0015735332854092121,0.0003555888854784739,0.19065375765074533,0.0,0.0,,1000,19800,19888,medium,barabasi_albert,7.5078125,True,False,2025-08-10T02:10:30.004450
add_edge,1.940007011095683e-05,1.6082950407835886e-06,0.00018720002844929695,2.8146927215772472e-05,0.1036328374074544,0.34765625,0.0,,1000,20000,20090,medium,watts_strogatz,0.34765625,True,False,2025-08-10T02:10:31.342212
add_weighted_edge,1.8399907276034355e-05,1.5253174926829766e-06,0.00010313334253927071,9.445010282580065e-06,0.1784089104745937,0.0,0.0,,1000,20000,20090,medium,watts_strogatz,0.34765625,True,False,2025-08-10T02:10:31.702297
has_edge,7.366761565208435e-06,1.111456871616175e-06,9.266737227638563e-06,1.40553319483037e-06,0.7949682163465968,0.0,0.0,,1000,20000,20090,medium,watts_strogatz,0.34765625,True,False,2025-08-10T02:10:32.084947
neighbors,1.2733352681001028e-05,2.3976936938560223e-06,0.0016446999895075958,0.0005756503745721975,0.007742051901400721,0.0,0.0,,1000,20000,20090,medium,watts_strogatz,0.34765625,True,False,2025-08-10T02:10:32.460252
degree,1.3400102034211159e-05,4.176872624205957e-06,0.009491899982094765,0.00022204095570962855,0.0014117407536413898,0.0,0.7578125,,1000,20000,20090,medium,watts_strogatz,0.34765625,True,False,2025-08-10T02:10:32.834165
copy,0.03402796667069197,0.01354858764063984,5.375953366669516,0.5072868890980745,0.006329661801321168,0.0,3.21875,,1000,20000,20090,medium,watts_strogatz,0.34765625,True,False,2025-08-10T02:10:49.528440
get_edge_weight,1.6233340526620548e-05,9.522794692580321e-06,0.003061566657076279,0.00028006595292984524,0.0053022985761554476,1.8203125,0.0,,1000,20000,20090,medium,watts_strogatz,0.34765625,True,False,2025-08-10T02:10:49.867358
node_attributes,1.2200015286604563e-05,2.0704087161878892e-06,0.0008972000020245711,0.00014909343874067377,0.013597877016356102,0.0,0.0,,1000,20000,20090,medium,watts_strogatz,0.34765625,True,False,2025-08-10T02:10:50.179250
add_parallel_edge,4.400033503770828e-06,5.88788541047494e-07,0.0001274667059381803,1.8436678976896714e-05,0.03451908066020618,0.0,0.0,,1000,20000,20090,medium,watts_strogatz,0.34765625,True,False,2025-08-10T02:10:50.496787
edge_list,0.0040750333573669195,0.00012489742154589003,0.003732666683693727,0.00043110723827295694,1.0917217374829722,0.15234375,0.515625,,1000,20000,20090,medium,watts_strogatz,0.34765625,True,False,2025-08-10T02:10:50.854432
memory_usage,0.000359566571811835,0.000193096404703923,0.0010802332932750385,6.804518208275762e-05,0.3328601090619095,0.0,0.0,,1000,20000,20090,medium,watts_strogatz,0.34765625,True,False,2025-08-10T02:10:51.144580
add_edge,1.3700065513451895e-05,5.098906161150617e-07,0.00010276655666530132,5.401452050803726e-06,0.13331248956867756,0.0,0.0,,1000,3720,3801,medium,grid_2d,-2.04296875,True,False,2025-08-10T02:10:51.976918
add_weighted_edge,2.4066694701711338e-05,7.129870025409536e-06,0.00011013331823050976,1.1360793821051835e-05,0.21852328694337156,0.0,0.0,,1000,3720,3801,medium,grid_2d,-2.04296875,True,False,2025-08-10T02:10:52.287287
has_edge,6.4999330788850784e-06,9.933185252764883e-07,7.73346982896328e-06,5.436781491512289e-07,0.8404937528225199,0.0,0.0,,1000,3720,3801,medium,grid_2d,-2.04296875,True,False,2025-08-10T02:10:52.556208
neighbors,1.0066665709018707e-05,1.0530066449742025e-06,0.000642833299934864,0.0001852044852928164,0.015659838577184358,0.0,0.0,,1000,3720,3801,medium,grid_2d,-2.04296875,True,False,2025-08-10T02:10:52.917031
degree,1.426662007967631e-05,2.0417074984328768e-06,0.002233033378918966,0.00046959659305642186,0.006388896921273486,0.0,0.01953125,,1000,3720,3801,medium,grid_2d,-2.04296875,True,False,2025-08-10T02:10:53.246421
copy,0.005160066687191526,0.0004050278862827685,1.4955270333836477,0.03187650093666093,0.0034503332751644176,0.0,0.33984375,,1000,3720,3801,medium,grid_2d,-2.04296875,True,False,2025-08-10T02:10:58.048930
get_edge_weight,8.566615482171377e-06,8.219281255811377e-07,0.0004953665969272455,0.00011534612720085638,0.01729348634992754,0.0,0.0,,1000,3720,3801,medium,grid_2d,-2.04296875,True,False,2025-08-10T02:10:58.392753
node_attributes,2.2300053387880325e-05,1.575199278016047e-05,0.0010066334313402574,9.037507405387148e-05,0.022153102304767948,0.0,0.0,,1000,3720,3801,medium,grid_2d,-2.04296875,True,False,2025-08-10T02:10:58.687774
add_parallel_edge,8.59998787442843e-06,7.075417901229971e-06,0.00014053339449067911,2.307147260565226e-05,0.061195333006766765,0.0,0.0,,1000,3720,3801,medium,grid_2d,-2.04296875,True,False,2025-08-10T02:10:59.026026
edge_list,0.0013144333691646655,0.0001386640173098211,0.0010288999571154516,0.0002476907537128514,1.2775132898729187,0.0,0.0,,1000,3720,3801,medium,grid_2d,-2.04296875,True,False,2025-08-10T02:10:59.492925
memory_usage,0.0002644334454089403,6.920293250088051e-05,0.001545466637859742,0.0004778247355657094,0.17110265529584265,0.0,0.0,,1000,3720,3801,medium,grid_2d,-2.04296875,True,False,2025-08-10T02:10:59.936723
add_edge,1.3633320728937784e-05,8.99389352557585e-07,0.00010416664493580659,1.5013907058715075e-05,0.13087990630147886,0.0,0.0,,1000,1998,2098,medium,star,0.0,True,False,2025-08-10T02:11:00.763289
add_weighted_edge,1.9533326849341393e-05,3.597494129977732e-06,0.00012980005703866482,1.32032595168217e-05,0.15048781406561948,0.0,0.0,,1000,1998,2098,medium,star,0.0,True,False,2025-08-10T02:11:01.089647
has_edge,7.533313085635503e-06,1.5965231963907794e-06,9.499955922365189e-06,1.5122561984353216e-06,0.7929840040520889,0.0,0.0,,1000,1998,2098,medium,star,0.0,True,False,2025-08-10T02:11:01.379315
neighbors,2.803335276742776e-05,5.522211010121244e-06,0.000353799977650245,0.00013294267005228315,0.07923503261252494,0.0,0.0,,1000,1998,2098,medium,star,0.0,True,False,2025-08-10T02:11:01.707693
degree,1.1966718981663385e-05,1.1897955011269773e-06,0.0012668999067197244,0.00010143081793095575,0.009445670426046354,0.0,0.0,,1000,1998,2098,medium,star,0.0,True,False,2025-08-10T02:11:02.008232
copy,0.003496500120187799,0.00022421711516497058,1.146996600010122,0.05744038888044551,0.0030483962377542734,0.0,0.0,,1000,1998,2098,medium,star,0.0,True,False,2025-08-10T02:11:05.757692
get_edge_weight,1.3066610942284266e-05,5.541643427329879e-06,0.0003744000568985939,0.0001116087301027814,0.034900130759924944,0.0,0.0,,1000,1998,2098,medium,star,0.0,True,False,2025-08-10T02:11:06.079962
node_attributes,1.1299969628453255e-05,6.532022385084225e-07,0.0009074666692564884,0.00014578895251325105,0.012452214512420186,0.0,0.0,,1000,1998,2098,medium,star,0.0,True,False,2025-08-10T02:11:06.393088
add_parallel_edge,3.466615453362465e-06,9.4336548655693e-08,0.0001204999474187692,3.8936264329998897e-05,0.028768605527395453,0.0,0.0,,1000,1998,2098,medium,star,0.0,True,False,2025-08-10T02:11:06.696757
edge_list,0.0005496332887560129,8.06193824698568e-06,0.0004303666452566783,1.4782212717123343e-05,1.277127990316726,0.0,0.0,,1000,1998,2098,medium,star,0.0,True,False,2025-08-10T02:11:06.990811
memory_usage,0.0002731999848037958,2.1741360136574046e-05,0.0014232000491271417,0.00028539039753644886,0.1919617589750304,0.0,0.0,,1000,1998,2098,medium,star,0.0,True,False,2025-08-10T02:11:07.365722
add_edge,2.019984337190787e-05,9.766574489978234e-06,0.00021276669576764107,0.0001480224903106718,0.09493893439961948,25.984375,0.0,,1000,50128,50215,dense,erdos_renyi,25.984375,True,False,2025-08-10T02:11:09.843712
add_weighted_edge,1.8066571404536564e-05,1.8731300994769578e-06,0.00016523338854312897,8.331187877414436e-05,0.10933971374569285,0.0,0.0,,1000,50128,50215,dense,erdos_renyi,25.984375,True,False,2025-08-10T02:11:10.240449
has_edge,1.316672811905543e-05,8.94880109613183e-06,0.003269933241729935,0.0008822412084393044,0.004026604565201969,0.0,0.0,,1000,50128,50215,dense,erdos_renyi,25.984375,True,False,2025-08-10T02:11:10.606839
neighbors,1.2300132463375727e-05,2.2553432978108575e-06,0.003524133237078786,0.0005865779091525879,0.003490257500471667,0.0,0.0,,1000,50128,50215,dense,erdos_renyi,25.984375,True,False,2025-08-10T02:11:10.960268
degree,1.343331920603911e-05,2.040198469564768e-06,0.027576166748379666,0.00389720140870812,0.00048713511666114475,0.0,0.00390625,,1000,50128,50215,dense,erdos_renyi,25.984375,True,False,2025-08-10T02:11:11.424589
copy,0.056089633299658694,0.005866066897264115,11.749830900070569,0.1881130336978707,0.004773654512706376,12.52734375,24.90234375,,1000,50128,50215,dense,erdos_renyi,25.984375,True,False,2025-08-10T02:11:47.294602
get_edge_weight,8.033278087774912e-06,6.64991311009502e-07,0.008962066766495505,0.00032886621819368543,0.0008963644544366876,24.88671875,0.0,,1000,50128,50215,dense,erdos_renyi,25.984375,True,False,2025-08-10T02:11:47.666243
node_attributes,1.2533351158102354e-05,2.3795910022539543e-06,0.0009187000493208567,0.00013246834635863958,0.013642484472889226,0.0,0.0,,1000,50128,50215,dense,erdos_renyi,25.984375,True,False,2025-08-10T02:11:48.000583
add_parallel_edge,4.066620022058487e-06,6.235728295635023e-07,0.00018820003606379032,7.538012863707091e-05,0.021607966221005973,0.0,0.0,,1000,50128,50215,dense,erdos_renyi,25.984375,True,False,2025-08-10T02:11:48.376494
edge_list,0.00953683334713181,0.001100939167049377,0.008521733339875937,0.0004770443345940862,1.1191189593443265,1.62890625,2.80078125,,1000,50128,50215,dense,erdos_renyi,25.984375,True,False,2025-08-10T02:11:48.814280
memory_usage,0.00022816665781040987,8.18146996277996e-06,0.0010551666685690482,9.033734250453401e-05,0.21623755242367104,1.5,0.0,,1000,50128,50215,dense,erdos_renyi,25.984375,True,False,2025-08-10T02:11:49.170942
add_edge,1.4033323774735132e-05,2.6238022134407993e-07,0.00010263329992691676,9.104681169712627e-06,0.1367326567958742,20.58984375,0.0,,1000,95000,95092,dense,barabasi_albert,20.58984375,True,False,2025-08-10T02:11:53.154907
add_weighted_edge,2.1899972731868427e-05,6.523742800062595e-06,0.00012240000069141388,2.1924599726087014e-05,0.17892134483790625,0.0,0.0,,1000,95000,95092,dense,barabasi_albert,20.58984375,True,False,2025-08-10T02:11:53.582058
has_edge,8.16669004658858e-06,1.4008835106399977e-06,9.033363312482834e-06,1.347387789911076e-06,0.9040586284516383,0.0,0.0,,1000,95000,95092,dense,barabasi_albert,20.58984375,True,False,2025-08-10T02:11:53.991703
neighbors,1.540003965298335e-05,2.9434154515915063e-07,0.007373233403389652,0.0014772321540265504,0.0020886412799442345,0.0,0.0,,1000,95000,95092,dense,barabasi_albert,20.58984375,True,False,2025-08-10T02:11:54.395830
degree,1.1133418108026186e-05,2.067757400707906e-06,0.05029810002694527,0.0012180669691000934,0.00022134868120390007,0.0,0.65234375,,1000,95000,95092,dense,barabasi_albert,20.58984375,True,False,2025-08-10T02:11:54.895794
copy,0.09800626671252151,0.006135917491386467,20.745340733323246,0.4570677060615066,0.004724254374626589,17.40625,44.96875,,1000,95000,95092,dense,barabasi_albert,20.58984375,True,False,2025-08-10T02:12:57.938661
get_edge_weight,8.766617005070051e-06,8.219281255811377e-07,0.011253133183345199,0.0012532155570909637,0.000779037878805591,44.96875,0.0,,1000,95000,95092,dense,barabasi_albert,20.58984375,True,False,2025-08-10T02:12:58.349960
node_attributes,1.450007160504659e-05,3.7157125726187547e-06,0.0009558334325750669,0.00012885803138788633,0.015170082057061569,0.0,0.0,,1000,95000,95092,dense,barabasi_albert,20.58984375,True,False,2025-08-10T02:12:58.755266
add_parallel_edge,4.033402850230535e-06,2.055323927092978e-07,0.00010459994276364644,1.0200350441410322e-05,0.03856027779426604,0.0,0.0,,1000,95000,95092,dense,barabasi_albert,20.58984375,True,False,2025-08-10T02:12:59.173641
edge_list,0.06549619991953175,0.007471798744175455,0.017469000071287155,0.0013320194425201614,3.7492815646148108,0.72265625,3.49609375,,1000,95000,95092,dense,barabasi_albert,20.58984375,True,False,2025-08-10T02:12:59.840585
memory_usage,0.0002847333283474048,9.035335227344191e-05,0.0015585000316301982,0.0003483309015844734,0.18269703084290118,0.625,0.0,,1000,95000,95092,dense,barabasi_albert,20.58984375,True,False,2025-08-10T02:13:00.275443
add_edge,2.593329797188441e-05,1.5697668908795615e-05,9.193333486715953e-05,3.475988976525444e-06,0.2820880805570376,1.0625,0.0,,1000,100000,100097,dense,watts_strogatz,1.0625,True,False,2025-08-10T02:13:04.230316
add_weighted_edge,1.8899872278173763e-05,3.4029110807488153e-06,9.926664642989635e-05,1.0348104826062132e-05,0.1903949912473486,0.0,0.0,,1000,100000,100097,dense,watts_strogatz,1.0625,True,False,2025-08-10T02:13:04.653847
has_edge,7.400056347250938e-06,8.285661780256493e-07,7.533235475420952e-06,1.249927379145602e-06,0.9823211250193169,0.0,0.0,,1000,100000,100097,dense,watts_strogatz,1.0625,True,False,2025-08-10T02:13:05.052961
neighbors,1.4133440951506296e-05,4.920699006276226e-07,0.006955399954070647,0.00033166452160902454,0.002032009811777208,0.0,0.0,,1000,100000,100097,dense,watts_strogatz,1.0625,True,False,2025-08-10T02:13:05.471290
degree,1.3000021378199259e-05,2.210576385465321e-06,0.04678966663777828,0.0005426214540936176,0.00027783958109466327,0.0,0.0,,1000,100000,100097,dense,watts_strogatz,1.0625,True,False,2025-08-10T02:13:05.994242
copy,0.09891873341985047,0.005314889130295668,22.437346733252827,0.25771097732063025,0.004408664473382225,11.83984375,38.16015625,,1000,100000,100097,dense,watts_strogatz,1.0625,True,False,2025-08-10T02:14:14.179463
get_edge_weight,9.033285702268282e-06,6.798744453390753e-07,0.011607466731220484,0.0014302458771937585,0.0007782305916907387,38.11328125,0.0,,1000,100000,100097,dense,watts_strogatz,1.0625,True,False,2025-08-10T02:14:14.638192
node_attributes,1.6866639877359073e-05,4.510978226637025e-06,0.00129893336755534,0.00036896702473033474,0.012984992378094778,0.0,0.0,,1000,100000,100097,dense,watts_strogatz,1.0625,True,False,2025-08-10T02:14:15.288766
add_parallel_edge,4.899998505910237e-06,1.413675543802904e-07,0.0003166333772242069,0.00013009368918394599,0.015475306327041341,0.0,0.0,,1000,100000,100097,dense,watts_strogatz,1.0625,True,False,2025-08-10T02:14:15.920671
edge_list,0.09625820000655949,0.006266577269751614,0.020439600028718512,0.0014735619612003144,4.709397437881005,0.76171875,1.5625,,1000,100000,100097,dense,watts_strogatz,1.0625,True,False,2025-08-10T02:14:16.853550
memory_usage,0.000250800047069788,6.0019264635719895e-05,0.0010500000013659398,8.832991411210792e-05,0.23885718737478423,0.0,0.0,,1000,100000,100097,dense,watts_strogatz,1.0625,True,False,2025-08-10T02:14:17.261121
add_edge,3.409998801847299e-05,2.254533076640129e-05,0.0001597999750326077,6.320961310253067e-05,0.2133916980369664,0.0,0.0,,1000,3720,3816,dense,grid_2d,-63.8828125,True,False,2025-08-10T02:14:18.398469
add_weighted_edge,2.2833313172062237e-05,3.896437576382721e-06,0.0002138666653384765,4.429198948195977e-05,0.10676424554488212,0.0,0.0,,1000,3720,3816,dense,grid_2d,-63.8828125,True,False,2025-08-10T02:14:18.842862
has_edge,1.4266697689890862e-05,4.169996299172643e-06,2.2799940779805183e-05,1.184238724756253e-05,0.6257339800868011,0.0,0.0,,1000,3720,3816,dense,grid_2d,-63.8828125,True,False,2025-08-10T02:14:19.328589
neighbors,1.7366682489713032e-05,9.73860714068412e-06,0.0006087999790906906,0.00023855120509242976,0.02852608916914234,0.0,0.0,,1000,3720,3816,dense,grid_2d,-63.8828125,True,False,2025-08-10T02:14:19.799544
degree,1.576667030652364e-05,3.0685061510170392e-06,0.003649100118006269,0.0012038154292475004,0.004320700939040816,0.0,0.12109375,,1000,3720,3816,dense,grid_2d,-63.8828125,True,False,2025-08-10T02:14:20.258771
copy,0.007385599970196684,0.002589684358466282,1.8510127000821133,0.13090600320951692,0.003990032034825611,0.03515625,0.48046875,,1000,3720,3816,dense,grid_2d,-63.8828125,True,False,2025-08-10T02:14:26.256734
get_edge_weight,8.933401356140772e-06,9.843290324587136e-07,0.000752133239681522,0.0001585692567415158,0.011877418633862623,0.0,0.0,,1000,3720,3816,dense,grid_2d,-63.8828125,True,False,2025-08-10T02:14:26.714407
node_attributes,2.3066764697432518e-05,1.1449967056642786e-05,0.0015263666864484549,0.0003829431682478792,0.015112203969220655,0.0,0.0,,1000,3720,3816,dense,grid_2d,-63.8828125,True,False,2025-08-10T02:14:27.276310
add_parallel_edge,6.733384604255359e-06,2.156144634996845e-06,0.00014500001755853495,1.9025790818857148e-05,0.04643712957853376,0.0,0.0,,1000,3720,3816,dense,grid_2d,-63.8828125,True,False,2025-08-10T02:14:27.783537
edge_list,0.0010951666627079248,0.00024160816770299413,0.0014012666263928015,0.0002600989133763039,0.7815548034046512,0.0,0.0078125,,1000,3720,3816,dense,grid_2d,-63.8828125,True,False,2025-08-10T02:14:28.262858
memory_usage,0.0005906333681195974,6.139936591527554e-05,0.0017672334021578233,0.00045985812043460706,0.334213560811166,0.00390625,0.0,,1000,3720,3816,dense,grid_2d,-63.8828125,True,False,2025-08-10T02:14:28.806215
add_edge,1.8166610971093178e-05,3.531164138580459e-06,0.0001858999797453483,3.505550788509649e-05,0.0977225010781517,0.01171875,0.0,,1000,1998,2093,dense,star,0.01171875,True,False,2025-08-10T02:14:29.901651
add_weighted_edge,4.349998198449612e-05,1.932682854234633e-05,0.00018053331101934114,1.9829720195228303e-05,0.24095266263540593,0.0,0.0,,1000,1998,2093,dense,star,0.01171875,True,False,2025-08-10T02:14:30.386858
has_edge,2.176663838326931e-05,8.993847503313014e-06,8.300024395187696e-06,7.788442063895852e-07,2.622478844265744,0.0,0.0,,1000,1998,2093,dense,star,0.01171875,True,False,2025-08-10T02:14:30.833844
neighbors,3.089996365209421e-05,6.153068389776082e-06,0.0002989333588629961,2.8761356666186034e-05,0.10336739857212103,0.0,0.0,,1000,1998,2093,dense,star,0.01171875,True,False,2025-08-10T02:14:31.151640
degree,1.0966633756955465e-05,1.2283840600648386e-06,0.0013511000045885642,0.00011563225061753357,0.008116818680860722,0.0,0.0,,1000,1998,2093,dense,star,0.01171875,True,False,2025-08-10T02:14:31.429176
copy,0.004004900033275287,0.0005838359443845324,1.2988387999745707,0.13864552162203445,0.0030834465626940746,0.0,0.0,,1000,1998,2093,dense,star,0.01171875,True,False,2025-08-10T02:14:35.630060
get_edge_weight,2.333343339463075e-05,1.0783115389491424e-05,0.0003228999363879363,4.780062229596599e-05,0.07226211827616358,0.0,0.0,,1000,1998,2093,dense,star,0.01171875,True,False,2025-08-10T02:14:36.129673
node_attributes,2.1800010775526364e-05,4.130526993846574e-06,0.0012099333107471466,0.0003158575049253401,0.018017530868758895,0.0,0.0,,1000,1998,2093,dense,star,0.01171875,True,False,2025-08-10T02:14:36.636532
add_parallel_edge,9.33332679172357e-06,3.0069106077340536e-06,0.00017590013643105826,2.4542658677869758e-05,0.0530603726699305,0.0,0.0,,1000,1998,2093,dense,star,0.01171875,True,False,2025-08-10T02:14:37.177713
edge_list,0.0007546666699151198,0.0002077576634028612,0.0006794666405767202,0.0001574693119882605,1.1106750866747055,0.0,0.0,,1000,1998,2093,dense,star,0.01171875,True,False,2025-08-10T02:14:37.538207
memory_usage,0.00021396662729481855,6.741574417912824e-06,0.0012221000312517087,0.00019322525845788521,0.17508110778433414,0.00390625,0.0,,1000,1998,2093,dense,star,0.01171875,True,False,2025-08-10T02:14:37.816117
add_edge,2.0300038158893585e-05,3.0010768652413546e-06,0.00012529990635812283,1.983682115028866e-05,0.16201159880258437,5.10546875,0.0,,10000,19983,19983,sparse,erdos_renyi,5.10546875,False,False,2025-08-10T02:14:54.418609
add_weighted_edge,2.4666621660192806e-05,5.944362182823321e-06,0.00012193333047131698,2.185325337783426e-05,0.20229597243712838,0.0,0.0,,10000,19983,19983,sparse,erdos_renyi,5.10546875,False,False,2025-08-10T02:14:54.912404
has_edge,1.3766732687751452e-05,6.100447527604296e-06,0.002286533359438181,0.0004013202724594938,0.006020788033083429,0.0,0.0,,10000,19983,19983,sparse,erdos_renyi,5.10546875,False,False,2025-08-10T02:14:55.494685
neighbors,1.6433342049519222e-05,4.0893314999322715e-06,0.002430000031987826,0.0007133244283964745,0.006762692112426093,0.0,0.0,,10000,19983,19983,sparse,erdos_renyi,5.10546875,False,False,2025-08-10T02:14:56.087981
degree,2.4366580570737522e-05,5.779454963456189e-06,0.013255666786183914,0.0006356902368680038,0.0018382010474293352,0.0,0.8046875,,10000,19983,19983,sparse,erdos_renyi,5.10546875,False,False,2025-08-10T02:14:56.828980
copy,0.06987143331207335,0.014183816816430241,9.34067656666351,1.0573091835495978,0.007480339653493798,1.9375,6.1640625,,10000,19983,19983,sparse,erdos_renyi,5.10546875,False,False,2025-08-10T02:15:25.681807
get_edge_weight,1.9300030544400215e-05,6.420263978494876e-06,0.004643966676667333,0.00100026451776606,0.004155936484507802,6.3515625,0.0,,10000,19983,19983,sparse,erdos_renyi,5.10546875,False,False,2025-08-10T02:15:26.160863
node_attributes,1.3400024423996607e-05,1.0231205903403714e-06,0.001242666815718015,0.00010269934118047301,0.010783280163680922,0.0,0.4375,,10000,19983,19983,sparse,erdos_renyi,5.10546875,False,False,2025-08-10T02:15:26.577536
add_parallel_edge,4.966665680209796e-06,1.2551982465660688e-06,0.00012609999005993208,2.086860227145925e-05,0.039386725390297556,0.0,0.0,,10000,19983,19983,sparse,erdos_renyi,5.10546875,False,False,2025-08-10T02:15:27.056552
edge_list,0.009603466605767608,0.004075914163428674,0.0051937000049899025,0.0013070920757468412,1.8490607074996583,0.15234375,0.03125,,10000,19983,19983,sparse,erdos_renyi,5.10546875,False,False,2025-08-10T02:15:27.556336
memory_usage,0.0018304999296863873,9.680038687729814e-05,0.002187666560833653,9.850044234021316e-05,0.836736257004742,0.0,0.0,,10000,19983,19983,sparse,erdos_renyi,5.10546875,False,False,2025-08-10T02:15:27.987036
add_edge,1.4633405953645706e-05,8.259987937377595e-07,0.00023323336305717626,0.00010360261959263909,0.06274147815661511,2.453125,0.0,,10000,39992,39992,sparse,barabasi_albert,2.453125,False,False,2025-08-10T02:15:33.646095
add_weighted_edge,1.993332989513874e-05,1.3072527462553568e-06,0.00013053331834574541,2.9285455364987987e-05,0.15270683491199583,0.0,0.0,,10000,39992,39992,sparse,barabasi_albert,2.453125,False,False,2025-08-10T02:15:34.146974
has_edge,9.699957445263863e-06,1.6970691970714675e-06,1.1700050284465155e-05,1.2831925388307581e-06,0.8290526287859692,0.0,0.0,,10000,39992,39992,sparse,barabasi_albert,2.453125,False,False,2025-08-10T02:15:34.619737
neighbors,1.7900019884109497e-05,1.423621273676383e-06,0.003439799960081776,0.0005933126528639129,0.005203796759066173,0.0,0.0,,10000,39992,39992,sparse,barabasi_albert,2.453125,False,False,2025-08-10T02:15:35.098431
degree,2.1800010775526364e-05,9.126173062171553e-06,0.026940833311527967,0.00228630944208372,0.0008091810124595571,0.0,3.08203125,,10000,39992,39992,sparse,barabasi_albert,2.453125,False,False,2025-08-10T02:15:35.674239
copy,0.07349659991450608,0.013869967494929152,8.470367199974135,0.05392789982822187,0.008676908353480887,4.9296875,11.70703125,,10000,39992,39992,sparse,barabasi_albert,2.453125,False,False,2025-08-10T02:16:01.805777
get_edge_weight,1.6633343572417896e-05,5.4481266891496725e-06,0.007581366691738367,0.0008104847428204736,0.0021939769237839042,11.4296875,0.0,,10000,39992,39992,sparse,barabasi_albert,2.453125,False,False,2025-08-10T02:16:02.333662
node_attributes,2.8466572985053062e-05,1.8948621833001407e-05,0.0021867334532241025,0.0007812860317149101,0.013017852241242375,0.0,0.3515625,,10000,39992,39992,sparse,barabasi_albert,2.453125,False,False,2025-08-10T02:16:02.784264
add_parallel_edge,8.900028963883718e-06,5.575529995043719e-06,0.00012513327722748122,2.5059167425101098e-05,0.07112439761091091,0.0,0.0,,10000,39992,39992,sparse,barabasi_albert,2.453125,False,False,2025-08-10T02:16:03.250201
edge_list,0.016534299900134403,0.0033433539205122427,0.00958400002370278,0.0013450525498536487,1.7251982323917372,0.1484375,0.4453125,,10000,39992,39992,sparse,barabasi_albert,2.453125,False,False,2025-08-10T02:16:03.798431
memory_usage,0.002246866701170802,0.0004550267140705509,0.002277200032646457,0.00014089706288998718,0.9866795489896409,0.0,0.0,,10000,39992,39992,sparse,barabasi_albert,2.453125,False,False,2025-08-10T02:16:04.222209
add_edge,2.823343190054099e-05,8.891011906861497e-06,0.00011420001586278279,1.7739400687506446e-05,0.2472279157514734,42.078125,0.0,,10000,99350,99350,medium,erdos_renyi,42.078125,False,False,2025-08-10T02:16:24.159837
add_weighted_edge,4.6533377220233284e-05,3.075841341232244e-05,0.00012229988351464272,2.33791891337427e-05,0.3804858670585891,0.0,0.0,,10000,99350,99350,medium,erdos_renyi,42.078125,False,False,2025-08-10T02:16:24.821479
has_edge,8.966696138183275e-06,1.0656277510867313e-06,0.0061231333917627735,0.0004008861659555109,0.0014643966682558055,0.0,0.0,,10000,99350,99350,medium,erdos_renyi,42.078125,False,False,2025-08-10T02:16:25.467423
neighbors,1.4400032038489977e-05,2.6545409617760478e-06,0.00676403334364295,0.0003550133634217214,0.002128912042106294,0.0,0.0,,10000,99350,99350,medium,erdos_renyi,42.078125,False,False,2025-08-10T02:16:26.047654
degree,1.1233380064368248e-05,1.6357186853315122e-06,0.05023903322095672,0.0020421811689576965,0.00022359865117154272,0.0,0.0,,10000,99350,99350,medium,erdos_renyi,42.078125,False,False,2025-08-10T02:16:26.757321
copy,0.15728433321540555,0.018367220315124198,9.314084800037866,0.1999608989888864,0.0168867190488502,14.2578125,43.24609375,,10000,99350,99350,medium,erdos_renyi,42.078125,False,False,2025-08-10T02:16:55.850038
get_edge_weight,1.1233302454153696e-05,3.3159799467672962e-06,0.017279533358911674,0.001437201051873842,0.0006500929290639831,36.84375,0.0,,10000,99350,99350,medium,erdos_renyi,42.078125,False,False,2025-08-10T02:16:56.428177
node_attributes,1.2766725073258082e-05,1.0964130292434325e-06,0.0011785666768749554,3.943770695789219e-05,0.01083241646294452,0.0,0.29296875,,10000,99350,99350,medium,erdos_renyi,42.078125,False,False,2025-08-10T02:16:56.950611
add_parallel_edge,4.066620022058487e-06,3.090894976738185e-07,0.00012079998850822449,2.1435643656389713e-05,0.033664076232768986,0.0,0.0,,10000,99350,99350,medium,erdos_renyi,42.078125,False,False,2025-08-10T02:16:57.513304
edge_list,0.07986486664352317,0.002693645055797862,0.02012836669261257,0.0024224459351298746,3.9677768128516284,0.7578125,1.2265625,,10000,99350,99350,medium,erdos_renyi,42.078125,False,False,2025-08-10T02:16:58.364764
memory_usage,0.003579466681306561,0.0010890068797624751,0.002273433298493425,0.00014040176138765042,1.574476226629841,0.0,0.0,,10000,99350,99350,medium,erdos_renyi,42.078125,False,False,2025-08-10T02:16:58.934974
add_edge,1.5533296391367912e-05,1.5062259129469643e-06,0.0001208665780723095,2.325943426734934e-05,0.12851605993242385,37.38671875,0.0,,10000,199800,199800,medium,barabasi_albert,37.38671875,False,False,2025-08-10T02:17:09.741647
add_weighted_edge,2.3233316217859585e-05,4.876019462831786e-06,9.903335012495518e-05,3.4450224563235744e-06,0.23460093179262323,0.0,0.0,,10000,199800,199800,medium,barabasi_albert,37.38671875,False,False,2025-08-10T02:17:10.427651
has_edge,1.2866687029600143e-05,3.29975485473244e-06,8.00006091594696e-06,5.354746772776303e-07,1.6083236321303842,0.0,0.0,,10000,199800,199800,medium,barabasi_albert,37.38671875,False,False,2025-08-10T02:17:11.057922
neighbors,2.233342578013738e-05,1.049767289306343e-06,0.01322036647858719,0.0007485663802062544,0.0016893197186560948,0.0,0.03125,,10000,199800,199800,medium,barabasi_albert,37.38671875,False,False,2025-08-10T02:17:11.736629
degree,2.2066757082939148e-05,8.826198140180487e-06,0.10774226672947407,0.001779687847493358,0.00020481058875757388,0.0,2.578125,,10000,199800,199800,medium,barabasi_albert,37.38671875,False,False,2025-08-10T02:17:12.668864
copy,0.24368429998867214,0.013768753986709532,13.708543033339083,0.782459501477531,0.017776090383641325,36.93359375,97.09375,,10000,199800,199800,medium,barabasi_albert,37.38671875,False,False,2025-08-10T02:17:55.498123
get_edge_weight,1.4266697689890862e-05,2.217110436194061e-06,0.034272066705549754,0.004636766883358902,0.0004162777171410157,97.015625,0.0,,10000,199800,199800,medium,barabasi_albert,37.38671875,False,False,2025-08-10T02:17:56.518405
node_attributes,2.433328578869502e-05,1.609897089236853e-05,0.00174796674400568,0.0008647463724688582,0.013920908891511466,0.0,0.30078125,,10000,199800,199800,medium,barabasi_albert,37.38671875,False,False,2025-08-10T02:17:57.165143
add_parallel_edge,5.233411987622579e-06,1.347483788060732e-06,0.0001463666558265686,2.6661912296203518e-05,0.03575549334012047,0.0,0.0,,10000,199800,199800,medium,barabasi_albert,37.38671875,False,False,2025-08-10T02:17:58.018897
edge_list,0.2820621666032821,0.019821328787052436,0.05157656664960086,0.004946328738212877,5.468804632141308,1.52734375,8.25,,10000,199800,199800,medium,barabasi_albert,37.38671875,False,False,2025-08-10T02:17:59.831104
memory_usage,0.0028602332652856908,0.0011620466585378286,0.002921800051505367,0.00024489684784997397,0.9789284738399687,1.90234375,0.0,,10000,199800,199800,medium,barabasi_albert,37.38671875,False,False,2025-08-10T02:18:00.518850
add_edge,1.5433334435025852e-05,6.235520904661241e-07,0.0001367666603376468,2.650358417888274e-05,0.11284427357460029,157.05078125,0.0,,10000,499582,499582,dense,erdos_renyi,157.05078125,False,False,2025-08-10T02:18:33.361927
add_weighted_edge,5.140000333388647e-05,3.94545271075076e-05,0.00010569998994469643,1.5303688819742472e-05,0.4862820077918607,0.0,0.0,,10000,499582,499582,dense,erdos_renyi,157.05078125,False,False,2025-08-10T02:18:34.515523
has_edge,1.5466629217068355e-05,3.6744706471843043e-06,0.03674153331667185,0.004322822862250382,0.0004209576416902071,0.0,0.0,,10000,499582,499582,dense,erdos_renyi,157.05078125,False,False,2025-08-10T02:18:35.910692
neighbors,1.7633351186911266e-05,4.2459135655840845e-06,0.030827633415659268,5.694121213074036e-05,0.0005719982117717215,0.0,0.0,,10000,499582,499582,dense,erdos_renyi,157.05078125,False,False,2025-08-10T02:18:37.011566
degree,1.1366714412967363e-05,1.1264398889583894e-06,0.28318490002614755,0.020481588392273396,4.013884360330594e-05,0.0,1.3125,,10000,499582,499582,dense,erdos_renyi,157.05078125,False,False,2025-08-10T02:18:38.728446
copy,0.6668216666051497,0.037837291460681426,21.85432089997145,0.5378027109552906,0.030512120219028212,94.65234375,207.30859375,,10000,499582,499582,dense,erdos_renyi,157.05078125,False,False,2025-08-10T02:19:47.822424
get_edge_weight,9.666740273435911e-06,3.8588429291765307e-07,0.0823577333552142,0.0020421875793749456,0.00011737501603817385,202.4375,0.0,,10000,499582,499582,dense,erdos_renyi,157.05078125,False,False,2025-08-10T02:19:48.973729
node_attributes,1.4733212689558664e-05,1.8785480112298414e-06,0.001293566698829333,0.00017355550736825,0.011389604187315657,0.0,0.0,,10000,499582,499582,dense,erdos_renyi,157.05078125,False,False,2025-08-10T02:19:49.866339
add_parallel_edge,4.399955893556277e-06,3.5592712856956184e-07,0.00011999998241662979,2.1771492970718333e-06,0.03666630448561236,0.0,0.0,,10000,499582,499582,dense,erdos_renyi,157.05078125,False,False,2025-08-10T02:19:50.850952
edge_list,0.5322573999874294,0.007547991714657153,0.1514580666553229,0.008294836407292262,3.5142228587844153,3.8125,6.2578125,,10000,499582,499582,dense,erdos_renyi,157.05078125,False,False,2025-08-10T02:19:53.960069
memory_usage,0.0024095666594803333,0.0005910026843355425,0.0035462333665539822,0.0005924991151131744,0.6794721075623419,4.47265625,0.0,,10000,499582,499582,dense,erdos_renyi,157.05078125,False,False,2025-08-10T02:19:54.892625
add_edge,1.6066711395978928e-05,9.56924258254001e-07,0.0001426666664580504,2.2469321416873996e-05,0.11261713611779926,221.9765625,0.0,,10000,995000,995000,dense,barabasi_albert,221.9765625,False,False,2025-08-10T02:20:37.123217
add_weighted_edge,2.1966717516382534e-05,2.5824629011894544e-06,0.00013360000836352506,2.8225708206589982e-05,0.16442152800328566,0.0,0.0,,10000,995000,995000,dense,barabasi_albert,221.9765625,False,False,2025-08-10T02:20:38.660415
has_edge,8.333241567015648e-06,1.1441139733177375e-06,8.933323745926222e-06,8.654560323981788e-07,0.9328265496720385,0.0,0.0,,10000,995000,995000,dense,barabasi_albert,221.9765625,False,False,2025-08-10T02:20:39.928103
neighbors,4.059999870757262e-05,1.0694895021792333e-05,0.07544986670836806,0.00966285287607344,0.0005381056386024035,0.0,0.0,,10000,995000,995000,dense,barabasi_albert,221.9765625,False,False,2025-08-10T02:20:41.565283
degree,1.4100068559249243e-05,1.4235122407933846e-06,0.5026971999711046,0.009331869190148022,2.8048830508822656e-05,0.0,0.921875,,10000,995000,995000,dense,barabasi_albert,221.9765625,False,False,2025-08-10T02:20:44.335002
copy,1.2740555666387081,0.021822391665162148,43.797392833434664,3.69033849868277,0.029089758184558005,206.90234375,465.875,,10000,995000,995000,dense,barabasi_albert,221.9765625,False,False,2025-08-10T02:23:02.628933
get_edge_weight,1.776660792529583e-05,5.706854169640429e-06,0.15074806668174764,0.026001045565494273,0.00011785629040804797,429.0,0.0,,10000,995000,995000,dense,barabasi_albert,221.9765625,False,False,2025-08-10T02:23:04.580361
node_attributes,2.220001382132371e-05,1.0249340488513077e-05,0.0015124666970223188,0.0001614145624276236,0.014678018276389272,0.00390625,0.0546875,,10000,995000,995000,dense,barabasi_albert,221.9765625,False,False,2025-08-10T02:23:06.135001
add_parallel_edge,5.566592638691266e-06,9.462877722545398e-07,0.00032789997446040314,3.458667833525286e-05,0.016976496103275795,0.00390625,0.10546875,,10000,995000,995000,dense,barabasi_albert,221.9765625,False,False,2025-08-10T02:23:07.986298
edge_list,1.5151234998678167,0.09042479668722665,0.45532969998506206,0.05421466584284586,3.327530578210741,15.78125,33.1875,,10000,995000,995000,dense,barabasi_albert,221.9765625,False,False,2025-08-10T02:23:15.822164
memory_usage,0.002701899968087673,0.0003998444473574421,0.004201933275908232,0.00031796840464875517,0.6430135346458274,30.20703125,0.08203125,,10000,995000,995000,dense,barabasi_albert,221.9765625,False,False,2025-08-10T02:23:17.370933
